,Country,X1970,X1971,X1972,X1973,X1974,X1975,X1976,X1977,X1978,X1979,X1980,X1981,X1982,X1983,X1984,X1985,X1986,X1987,X1988,X1989,X1990,X1991,X1992,X1993,X1994,X1995,X1996,X1997,X1998,X1999,X2000,X2001,X2002,X2003,X2004,X2005,X2006,X2007,X2008,X2009,X2010,X2011,X2012,X2013,X2014,X2015,X2016
1,Afghanistan,11126123 ,11417825 ,11721940 ,12027822 ,12321541 ,12590286 ,12840299 ,13067538 ,13237734 ,13306695 ,13248370 ,13053954 ,12749645 ,12389269 ,12047115 ,11783050 ,11601041 ,11502761 ,11540888 ,11777609 ,12249114 ,12993657 ,13981231 ,15095099 ,16172719 ,17099541 ,17822884 ,18381605 ,18863999 ,19403676 ,20093756 ,20966463 ,21979923 ,23064851 ,24118979 ,25070798 ,25893450 ,26616792 ,27294031 ,28004331 ,28803167 ,29708599 ,30696958 ,31731688 ,32758020 ,33736494 ,34656032 
2,Albania,2150598 ,2202035 ,2253844 ,2306003 ,2358463 ,2411229 ,2464336 ,2517872 ,2571850 ,2626286 ,2681239 ,2735329 ,2788314 ,2842624 ,2901592 ,2966798 ,3041007 ,3121336 ,3197067 ,3253656 ,3281454 ,3275431 ,3240587 ,3189583 ,3140595 ,3106736 ,3092228 ,3093041 ,3103759 ,3115576 ,3121970 ,3122408 ,3119029 ,3111005 ,3097747 ,3079179 ,3054331 ,3023907 ,2991651 ,2962635 ,2940525 ,2926659 ,2920039 ,2918978 ,2920775 ,2923352 ,2926348 
3,Algeria,14550034 ,14960109 ,15377093 ,15804428 ,16247113 ,16709099 ,17190239 ,17690184 ,18212326 ,18760761 ,19337715 ,19943664 ,20575701 ,21228289 ,21893853 ,22565905 ,23241272 ,23917897 ,24591492 ,25257672 ,25912367 ,26554329 ,27181094 ,27786259 ,28362253 ,28904298 ,29411415 ,29886839 ,30335732 ,30765613 ,31183660 ,31592153 ,31995046 ,32403514 ,32831096 ,33288437 ,33777915 ,34300076 ,34860715 ,35465760 ,36117637 ,36819558 ,37565847 ,38338562 ,39113313 ,39871528 ,40606052 
4,Andorra,24276 ,25559 ,26892 ,28232 ,29520 ,30705 ,31777 ,32771 ,33737 ,34818 ,36067 ,37500 ,39114 ,40867 ,42706 ,44600 ,46517 ,48455 ,50434 ,52448 ,54509 ,56671 ,58888 ,60971 ,62677 ,63850 ,64360 ,64327 ,64142 ,64370 ,65390 ,67341 ,70049 ,73182 ,76244 ,78867 ,80991 ,82683 ,83861 ,84462 ,84449 ,83751 ,82431 ,80788 ,79223 ,78014 ,77281 
5,Angola,6776381 ,6927269 ,7094834 ,7277960 ,7474338 ,7682479 ,7900997 ,8130988 ,8376147 ,8641521 ,8929900 ,9244507 ,9582156 ,9931562 ,10277321 ,10609042 ,10921037 ,11218268 ,11513968 ,11827237 ,12171441 ,12553446 ,12968345 ,13403734 ,13841301 ,14268994 ,14682284 ,15088981 ,15504318 ,15949766 ,16440924 ,16983266 ,17572649 ,18203369 ,18865716 ,19552542 ,20262399 ,20997687 ,21759420 ,22549547 ,23369131 ,24218565 ,25096150 ,25998340 ,26920466 ,27859305 ,28813463 
6,Anguilla,6403 ,6451 ,6501 ,6556 ,6596 ,6629 ,6660 ,6687 ,6709 ,6713 ,6702 ,6650 ,6588 ,6539 ,6552 ,6662 ,6875 ,7195 ,7574 ,7965 ,8334 ,8666 ,8981 ,9266 ,9537 ,9802 ,10058 ,10303 ,10548 ,10793 ,11070 ,11372 ,11692 ,12021 ,12339 ,12638 ,12903 ,13150 ,13360 ,13565 ,13769 ,13951 ,14129 ,14299 ,14459 ,14611 ,14764 
7,Antigua and Barbuda,67098 ,68188 ,69176 ,70066 ,70878 ,71609 ,72285 ,72875 ,73324 ,73528 ,73442 ,73066 ,72448 ,71639 ,70725 ,69782 ,68809 ,67845 ,67058 ,66627 ,66696 ,67307 ,68427 ,69938 ,71719 ,73619 ,75628 ,77739 ,79851 ,81831 ,83584 ,85057 ,86266 ,87293 ,88257 ,89253 ,90301 ,91381 ,92478 ,93581 ,94661 ,95719 ,96777 ,97824 ,98875 ,99923 ,100963 
8,Argentina,23973058 ,24366439 ,24782949 ,25213388 ,25644506 ,26066975 ,26477152 ,26878565 ,27277741 ,27684534 ,28105888 ,28543364 ,28993987 ,29454738 ,29920904 ,30388783 ,30857244 ,31326473 ,31795517 ,32263561 ,32729739 ,33193918 ,33655151 ,34110917 ,34558115 ,34994814 ,35419682 ,35833969 ,36241590 ,36648068 ,37057452 ,37471509 ,37889370 ,38309379 ,38728696 ,39145488 ,39558890 ,39970224 ,40382389 ,40799407 ,41223889 ,41656879 ,42096739 ,42539925 ,42981515 ,43417765 ,43847430 
9,Armenia,2525065 ,2587706 ,2650484 ,2712781 ,2773747 ,2832757 ,2889579 ,2944379 ,2997411 ,3049105 ,3099751 ,3148092 ,3193686 ,3238594 ,3285595 ,3335935 ,3392256 ,3451942 ,3504651 ,3536469 ,3538165 ,3505251 ,3442810 ,3363098 ,3283660 ,3217342 ,3168215 ,3133086 ,3108684 ,3089017 ,3069588 ,3050655 ,3033897 ,3017806 ,3000612 ,2981259 ,2958500 ,2933056 ,2908220 ,2888584 ,2877311 ,2875581 ,2881922 ,2893509 ,2906220 ,2916950 ,2924816 
10,Aruba,59063 ,59440 ,59840 ,60243 ,60528 ,60657 ,60586 ,60366 ,60103 ,59980 ,60096 ,60567 ,61345 ,62201 ,62836 ,63026 ,62644 ,61833 ,61079 ,61032 ,62149 ,64622 ,68235 ,72504 ,76700 ,80324 ,83200 ,85451 ,87277 ,89005 ,90853 ,92898 ,94992 ,97017 ,98737 ,100031 ,100832 ,101220 ,101353 ,101453 ,101669 ,102053 ,102577 ,103187 ,103795 ,104341 ,104822 
11,Australia,12842907 ,13084157 ,13296872 ,13486438 ,13662048 ,13831206 ,13994623 ,14152065 ,14309298 ,14473242 ,14649114 ,14838494 ,15041065 ,15257358 ,15487214 ,15729643 ,15986164 ,16254935 ,16527430 ,16792294 ,17041431 ,17271874 ,17485948 ,17687479 ,17882737 ,18076743 ,18271685 ,18467588 ,18665045 ,18864112 ,19065837 ,19268533 ,19475191 ,19696972 ,19948429 ,20238903 ,20573606 ,20946664 ,21342493 ,21739040 ,22120064 ,22479799 ,22821849 ,23150729 ,23474668 ,23799556 ,24125848 
12,Austria,7516239 ,7550340 ,7581117 ,7607065 ,7626290 ,7637689 ,7640749 ,7636576 ,7627759 ,7617884 ,7609752 ,7604513 ,7602181 ,7603102 ,7607293 ,7614868 ,7625393 ,7639352 ,7658840 ,7686572 ,7723949 ,7772701 ,7830933 ,7892086 ,7947209 ,7990121 ,8017863 ,8032876 ,8041050 ,8051113 ,8069276 ,8097748 ,8134412 ,8175852 ,8216805 ,8253650 ,8284735 ,8311783 ,8338453 ,8370038 ,8409949 ,8459864 ,8517548 ,8577782 ,8633220 ,8678657 ,8712137 
13,Azerbaijan,5180025 ,5284532 ,5385267 ,5483084 ,5579077 ,5674137 ,5768724 ,5863134 ,5957929 ,6053645 ,6150738 ,6249320 ,6349558 ,6452076 ,6557585 ,6666455 ,6778633 ,6893500 ,7010036 ,7126891 ,7242770 ,7357956 ,7471933 ,7581761 ,7683709 ,7775426 ,7855553 ,7925669 ,7989904 ,8054125 ,8122741 ,8197279 ,8277015 ,8361359 ,8448882 ,8538606 ,8630195 ,8724304 ,8821908 ,8924407 ,9032457 ,9146379 ,9264917 ,9385293 ,9503771 ,9617484 ,9725376 
14,Bahamas,169354 ,173863 ,177839 ,181488 ,185099 ,188882 ,192902 ,197111 ,201513 ,206032 ,210661 ,215396 ,220275 ,225187 ,230015 ,234687 ,239131 ,243393 ,247579 ,251849 ,256336 ,261116 ,266134 ,271165 ,275895 ,280150 ,283790 ,286970 ,290060 ,293572 ,297890 ,303135 ,309157 ,315746 ,322526 ,329249 ,335830 ,342328 ,348676 ,354856 ,360832 ,366568 ,372039 ,377240 ,382169 ,386838 ,391232 
15,Bahrain,212605 ,220312 ,229155 ,239527 ,251911 ,266543 ,283752 ,303175 ,323473 ,342798 ,359888 ,374120 ,385950 ,396454 ,407227 ,419430 ,433482 ,448973 ,465202 ,481090 ,495931 ,509765 ,523087 ,536213 ,549588 ,563699 ,578668 ,594930 ,613702 ,636545 ,664614 ,697549 ,735148 ,778711 ,829848 ,889168 ,958414 ,1035891 ,1114590 ,1185029 ,1240862 ,1278269 ,1300217 ,1315411 ,1336397 ,1371855 ,1425171 
16,Bangladesh,65047770 ,66424744 ,67597470 ,68691185 ,69884420 ,71305923 ,72999136 ,74925896 ,77033846 ,79236776 ,81470860 ,83721268 ,86007331 ,88338242 ,90732362 ,93199865 ,95742431 ,98343809 ,100975321 ,103599232 ,106188642 ,108727432 ,111221938 ,113695139 ,116182267 ,118706871 ,121269645 ,123854640 ,126447965 ,129029691 ,131581243 ,134107160 ,136600667 ,139019001 ,141307489 ,143431101 ,145368004 ,147139191 ,148805814 ,150454708 ,152149102 ,153911916 ,155727053 ,157571292 ,159405279 ,161200886 ,162951560 
17,Barbados,238848 ,240035 ,241441 ,242976 ,244539 ,246034 ,247444 ,248784 ,250032 ,251177 ,252194 ,253080 ,253841 ,254518 ,255193 ,255924 ,256736 ,257611 ,258527 ,259458 ,260374 ,261275 ,262184 ,263089 ,264015 ,264959 ,265942 ,266945 ,267950 ,268922 ,269847 ,270685 ,271478 ,272258 ,273091 ,274009 ,275039 ,276150 ,277319 ,278470 ,279569 ,280601 ,281585 ,282509 ,283385 ,284217 ,284996 
18,Belarus,8977639 ,9051218 ,9120964 ,9187675 ,9252678 ,9316955 ,9380452 ,9443001 ,9505452 ,9568883 ,9633888 ,9700245 ,9767260 ,9834424 ,9901045 ,9966154 ,10030068 ,10091633 ,10146632 ,10189615 ,10216846 ,10226493 ,10219918 ,10200510 ,10173355 ,10142308 ,10109072 ,10073061 ,10033061 ,9986933 ,9933609 ,9872961 ,9807132 ,9740054 ,9676902 ,9621543 ,9575043 ,9536864 ,9507331 ,9486239 ,9473071 ,9468500 ,9471730 ,9478902 ,9484851 ,9485772 ,9480042 
19,Belgium,9632180 ,9663324 ,9692846 ,9720761 ,9747020 ,9771586 ,9794777 ,9816696 ,9836814 ,9854377 ,9868995 ,9880592 ,9889824 ,9897880 ,9906371 ,9916578 ,9928542 ,9942289 ,9959020 ,9980176 ,10006544 ,10039445 ,10078101 ,10118674 ,10155919 ,10186305 ,10208275 ,10223789 ,10237299 ,10255160 ,10282033 ,10319019 ,10364885 ,10419032 ,10480117 ,10546886 ,10619567 ,10697835 ,10779173 ,10860290 ,10938739 ,11013083 ,11083550 ,11151512 ,11219161 ,11287940 ,11358379 
20,Belize,122182 ,124793 ,127150 ,129294 ,131307 ,133260 ,135147 ,136989 ,138965 ,141305 ,144155 ,147566 ,151500 ,155822 ,160347 ,164921 ,169568 ,174320 ,179028 ,183469 ,187552 ,191126 ,194317 ,197616 ,201674 ,206963 ,213676 ,221606 ,230284 ,239026 ,247315 ,254984 ,262206 ,269130 ,276089 ,283277 ,290747 ,298407 ,306165 ,313929 ,321608 ,329192 ,336701 ,344181 ,351694 ,359288 ,366954 
21,Benin,2912340 ,2976572 ,3043567 ,3113675 ,3187412 ,3265165 ,3347173 ,3433439 ,3523938 ,3618526 ,3717165 ,3820128 ,3927714 ,4039949 ,4156819 ,4278501 ,4404506 ,4535263 ,4672852 ,4820016 ,4978496 ,5149499 ,5331803 ,5521763 ,5714220 ,5905558 ,6094259 ,6281639 ,6470265 ,6664098 ,6865951 ,7076733 ,7295394 ,7520555 ,7750004 ,7982225 ,8216896 ,8454791 ,8696916 ,8944706 ,9199259 ,9460802 ,9729160 ,10004451 ,10286712 ,10575952 ,10872298 
22,Bermuda,52286 ,52856 ,53430 ,53978 ,54508 ,54990 ,55431 ,55849 ,56236 ,56616 ,56992 ,57371 ,57746 ,58134 ,58525 ,58920 ,59324 ,59731 ,60140 ,60538 ,60930 ,61312 ,61677 ,62034 ,62381 ,62696 ,62986 ,63259 ,63511 ,63767 ,64028 ,64323 ,64610 ,64870 ,65065 ,65130 ,65063 ,64892 ,64625 ,64303 ,63956 ,63581 ,63179 ,62771 ,62382 ,62003 ,61666 
23,Bhutan,298301 ,308053 ,318045 ,328312 ,338943 ,349982 ,361455 ,373324 ,385384 ,397390 ,409172 ,420380 ,431050 ,441847 ,453720 ,467178 ,482952 ,500437 ,517273 ,530257 ,537280 ,537284 ,531525 ,523117 ,516503 ,514877 ,519282 ,528754 ,542155 ,557543 ,573416 ,589600 ,606399 ,623434 ,640282 ,656639 ,672228 ,686958 ,700950 ,714458 ,727641 ,740510 ,752967 ,764961 ,776448 ,787386 ,797765 
24,Bolivia,4505778 ,4600591 ,4698083 ,4798509 ,4902168 ,5009257 ,5119833 ,5233677 ,5350322 ,5469123 ,5589575 ,5711599 ,5835182 ,5959960 ,6085496 ,6211550 ,6337893 ,6464732 ,6592787 ,6723046 ,6856244 ,6992521 ,7131707 ,7273825 ,7418861 ,7566714 ,7717443 ,7870855 ,8026254 ,8182712 ,8339512 ,8496375 ,8653345 ,8810420 ,8967741 ,9125409 ,9283334 ,9441444 ,9599855 ,9758748 ,9918242 ,10078343 ,10239004 ,10400264 ,10562159 ,10724705 ,10887882 
25,Bosnia and Herzegovina,3760527 ,3805285 ,3851151 ,3897255 ,3942223 ,3985103 ,4025265 ,4063191 ,4100350 ,4138819 ,4179855 ,4222511 ,4265310 ,4308106 ,4350746 ,4392130 ,4435504 ,4478519 ,4508056 ,4506653 ,4463422 ,4371603 ,4239154 ,4087999 ,3948816 ,3843712 ,3780378 ,3752431 ,3750485 ,3759118 ,3766706 ,3771284 ,3775807 ,3779247 ,3781287 ,3781530 ,3779468 ,3774000 ,3763599 ,3746561 ,3722084 ,3688865 ,3648200 ,3604999 ,3566002 ,3535961 ,3516816 
26,Botswana,695597 ,718639 ,742835 ,768512 ,796095 ,825840 ,857855 ,891926 ,927585 ,964166 ,1001158 ,1038397 ,1075889 ,1113539 ,1151292 ,1189114 ,1226810 ,1264314 ,1301818 ,1339624 ,1377912 ,1416731 ,1455833 ,1494693 ,1532622 ,1569094 ,1604060 ,1637635 ,1669625 ,1699862 ,1728340 ,1754935 ,1779953 ,1804339 ,1829330 ,1855852 ,1884238 ,1914414 ,1946351 ,1979882 ,2014866 ,2051339 ,2089315 ,2128507 ,2168573 ,2209197 ,2250260 
27,Brazil,95326793 ,97728961 ,100143598 ,102584278 ,105069367 ,107612100 ,110213082 ,112867867 ,115577669 ,118342626 ,121159761 ,124030908 ,126947365 ,129882321 ,132800684 ,135676281 ,138499464 ,141273488 ,144001542 ,146691981 ,149352145 ,151976577 ,154564278 ,157132682 ,159705123 ,162296612 ,164913306 ,167545164 ,170170640 ,172759243 ,175287587 ,177750670 ,180151021 ,182482149 ,184738458 ,186917361 ,189012412 ,191026637 ,192979029 ,194895996 ,196796269 ,198686688 ,200560983 ,202408632 ,204213133 ,205962108 ,207652865 
28,British Virgin Islands,9803 ,9970 ,10125 ,10264 ,10379 ,10476 ,10543 ,10591 ,10662 ,10792 ,11002 ,11315 ,11712 ,12188 ,12731 ,13304 ,13938 ,14589 ,15266 ,15900 ,16461 ,16934 ,17344 ,17703 ,18052 ,18427 ,18833 ,19270 ,19722 ,20188 ,20645 ,21085 ,21529 ,22000 ,22541 ,23168 ,23905 ,24731 ,25604 ,26447 ,27224 ,27901 ,28509 ,29056 ,29588 ,30113 ,30661 
29,Brunei,129583 ,135726 ,142073 ,148560 ,155109 ,161671 ,168224 ,174773 ,181257 ,187656 ,193949 ,200085 ,206128 ,212136 ,218227 ,224512 ,230972 ,237622 ,244458 ,251514 ,258785 ,266274 ,273963 ,281751 ,289525 ,297192 ,304699 ,312038 ,319222 ,326289 ,333241 ,340117 ,346867 ,353389 ,359523 ,365158 ,370250 ,374864 ,379252 ,383772 ,388662 ,394013 ,399748 ,405716 ,411704 ,417542 ,423196 
30,Bulgaria,8507476 ,8558968 ,8608611 ,8655674 ,8699139 ,8738361 ,8772535 ,8801885 ,8828014 ,8853187 ,8878775 ,8905069 ,8930671 ,8953074 ,8968856 ,8975291 ,8972469 ,8960472 ,8936557 ,8897446 ,8841371 ,8766890 ,8676243 ,8575889 ,8474669 ,8379180 ,8291872 ,8211726 ,8137564 ,8066883 ,7997787 ,7930546 ,7866086 ,7803881 ,7743264 ,7683763 ,7624959 ,7566949 ,7510331 ,7456030 ,7404590 ,7356213 ,7310383 ,7266141 ,7222145 ,7177396 ,7131494 
31,Burkina Faso,5624600 ,5723381 ,5825173 ,5930483 ,6040041 ,6154545 ,6274037 ,6398935 ,6530819 ,6671656 ,6822843 ,6985160 ,7158255 ,7340905 ,7531242 ,7727907 ,7930694 ,8140073 ,8356305 ,8579823 ,8811034 ,9050084 ,9297113 ,9552476 ,9816588 ,10089878 ,10372745 ,10665546 ,10968724 ,11282701 ,11607942 ,11944587 ,12293100 ,12654621 ,13030569 ,13421930 ,13829177 ,14252021 ,14689726 ,15141099 ,15605217 ,16081904 ,16571216 ,17072723 ,17585977 ,18110624 ,18646433 
32,Burundi,3455606 ,3505391 ,3544047 ,3578490 ,3618585 ,3671494 ,3739659 ,3821194 ,3913768 ,4013310 ,4116817 ,4223195 ,4333386 ,4448728 ,4571292 ,4702066 ,4841565 ,4987736 ,5135956 ,5280024 ,5415415 ,5542048 ,5661139 ,5771398 ,5871607 ,5962058 ,6041112 ,6112097 ,6186352 ,6278940 ,6400706 ,6555829 ,6741569 ,6953113 ,7182451 ,7423289 ,7675338 ,7939573 ,8212264 ,8489031 ,8766930 ,9043508 ,9319710 ,9600186 ,9891790 ,10199270 ,10524117 
33,Cape Verde,270198 ,272992 ,273651 ,273005 ,272292 ,272423 ,273652 ,275767 ,278739 ,282415 ,286657 ,291602 ,297285 ,303368 ,309397 ,315069 ,320183 ,324893 ,329671 ,335184 ,341883 ,349934 ,359090 ,369014 ,379156 ,389127 ,398773 ,408175 ,417323 ,426285 ,435079 ,443716 ,452106 ,460147 ,467664 ,474567 ,480795 ,486438 ,491723 ,496963 ,502384 ,508067 ,513979 ,520106 ,526437 ,532913 ,539560 
34,Cambodia,6994848 ,7137749 ,7300152 ,7447285 ,7531424 ,7522593 ,7402873 ,7194279 ,6955566 ,6768724 ,6692107 ,6748193 ,6918101 ,7168236 ,7446019 ,7712978 ,7958976 ,8196037 ,8433798 ,8689152 ,8973342 ,9286976 ,9621504 ,9968275 ,10315376 ,10653558 ,10980273 ,11295880 ,11597739 ,11883636 ,12152354 ,12402473 ,12634729 ,12853124 ,13063377 ,13270201 ,13474489 ,13676693 ,13880509 ,14090208 ,14308740 ,14537886 ,14776866 ,15022692 ,15270790 ,15517635 ,15762370 
35,Cameroon,6527635 ,6697745 ,6875228 ,7060603 ,7254468 ,7457362 ,7669445 ,7890969 ,8122529 ,8364835 ,8618354 ,8883016 ,9158566 ,9445003 ,9742263 ,10050023 ,10368300 ,10696274 ,11031817 ,11372160 ,11715218 ,12060729 ,12408931 ,12758881 ,13109660 ,13460994 ,13812472 ,14165423 ,14523570 ,14891891 ,15274234 ,15671927 ,16084886 ,16513822 ,16959081 ,17420795 ,17899562 ,18395389 ,18907008 ,19432541 ,19970495 ,20520447 ,21082383 ,21655715 ,22239904 ,22834522 ,23439189 
36,Canada,21452737 ,21804269 ,22156208 ,22503243 ,22838190 ,23156209 ,23456507 ,23741589 ,24014082 ,24278047 ,24537422 ,24791139 ,25040948 ,25296840 ,25571673 ,25873949 ,26208080 ,26569766 ,26947842 ,27326166 ,27692680 ,28044606 ,28384350 ,28711303 ,29026188 ,29330073 ,29622132 ,29903150 ,30178134 ,30453884 ,30735773 ,31024732 ,31320889 ,31627806 ,31949417 ,32287980 ,32645483 ,33019932 ,33404548 ,33789831 ,34168668 ,34538622 ,34900705 ,35255495 ,35604728 ,35949709 ,36289822 
37,Cayman Islands,9144 ,9581 ,10136 ,10784 ,11498 ,12244 ,13022 ,13841 ,14661 ,15444 ,16162 ,16789 ,17356 ,17906 ,18543 ,19313 ,20251 ,21339 ,22538 ,23776 ,25010 ,26213 ,27404 ,28646 ,30055 ,31672 ,33536 ,35597 ,37740 ,39808 ,41687 ,43316 ,44738 ,46028 ,47299 ,48622 ,50031 ,51483 ,52926 ,54279 ,55507 ,56579 ,57523 ,58371 ,59172 ,59963 ,60765 
38,Central African Republic,1828709 ,1864598 ,1900317 ,1936841 ,1975521 ,2017372 ,2062405 ,2110457 ,2162249 ,2218575 ,2279821 ,2346797 ,2418844 ,2493135 ,2565803 ,2634232 ,2696982 ,2755244 ,2812244 ,2872668 ,2939780 ,3014624 ,3095807 ,3181222 ,3267670 ,3352767 ,3435821 ,3517309 ,3597385 ,3676508 ,3754986 ,3832203 ,3907612 ,3981665 ,4055036 ,4127910 ,4201758 ,4275800 ,4345386 ,4404230 ,4448525 ,4476153 ,4490416 ,4499653 ,4515392 ,4546100 ,4594621 
39,Chad,3643549 ,3726091 ,3815103 ,3907632 ,3999512 ,4087948 ,4172230 ,4253989 ,4335645 ,4420716 ,4512042 ,4610167 ,4715197 ,4829094 ,4954046 ,5091535 ,5243006 ,5408087 ,5584339 ,5768086 ,5956859 ,6150081 ,6349089 ,6555603 ,6772133 ,7000722 ,7241134 ,7493251 ,7759258 ,8041846 ,8342559 ,8663012 ,9001689 ,9353201 ,9710043 ,10067009 ,10421597 ,10775708 ,11133861 ,11502786 ,11887202 ,12288651 ,12705135 ,13133589 ,13569438 ,14009413 ,14452543 
40,Chile,9563865 ,9745189 ,9922558 ,10096295 ,10267056 ,10435534 ,10601836 ,10766419 ,10930783 ,11096868 ,11266226 ,11439144 ,11615836 ,11797534 ,11985658 ,12181028 ,12384108 ,12594145 ,12809025 ,13025797 ,13242132 ,13457244 ,13671033 ,13882668 ,14091389 ,14296613 ,14497826 ,14694835 ,14887756 ,15076952 ,15262754 ,15444969 ,15623635 ,15799542 ,15973778 ,16147064 ,16319792 ,16491687 ,16661942 ,16829442 ,16993354 ,17153357 ,17309746 ,17462982 ,17613798 ,17762681 ,17909754 
41,China,824788457 ,845481578 ,865686530 ,885145933 ,903613538 ,920945083 ,937018252 ,951927444 ,966039822 ,979880619 ,993877310 ,1008000152 ,1022253396 ,1037123834 ,1053210735 ,1070863389 ,1090348056 ,1111341725 ,1132866344 ,1153565894 ,1172445200 ,1189183522 ,1204003901 ,1217129133 ,1228991932 ,1239940004 ,1249981441 ,1259066974 ,1267441503 ,1275406699 ,1283198970 ,1290937649 ,1298646577 ,1306343911 ,1314007478 ,1321623490 ,1329209094 ,1336800506 ,1344415227 ,1352068091 ,1359755102 ,1367480264 ,1375198619 ,1382793212 ,1390110388 ,1397028553 ,1403500365 
42,Hong Kong,3873112 ,3937829 ,3998312 ,4062042 ,4139096 ,4236002 ,4356575 ,4496871 ,4646177 ,4789320 ,4915467 ,5020488 ,5107909 ,5183912 ,5258161 ,5337622 ,5424517 ,5516357 ,5609691 ,5699221 ,5781459 ,5854088 ,5919289 ,5983355 ,6055086 ,6140101 ,6241810 ,6356470 ,6473836 ,6579564 ,6663654 ,6722306 ,6759491 ,6782571 ,6802597 ,6827761 ,6860376 ,6898397 ,6940323 ,6983272 ,7025221 ,7065815 ,7106399 ,7148571 ,7194563 ,7245701 ,7302843 
43,"Macao SAR, China",246195 ,248739 ,248767 ,246947 ,244284 ,241628 ,239085 ,236695 ,235198 ,235479 ,238118 ,243427 ,251219 ,260997 ,271993 ,283581 ,295677 ,308275 ,320877 ,332901 ,343935 ,353764 ,362459 ,370345 ,377960 ,385686 ,393567 ,401564 ,409837 ,418604 ,427979 ,438081 ,448896 ,460147 ,471453 ,482559 ,493320 ,503823 ,514348 ,525313 ,536969 ,549439 ,562531 ,575841 ,588781 ,600942 ,612167 
44,Colombia,22061215 ,22611986 ,23146803 ,23674504 ,24208021 ,24756973 ,25323406 ,25905127 ,26502166 ,27113512 ,27737900 ,28375991 ,29027162 ,29687094 ,30350086 ,31011688 ,31669776 ,32324325 ,32975535 ,33624444 ,34271565 ,34916766 ,35558682 ,36195168 ,36823537 ,37441977 ,38049038 ,38645411 ,39234062 ,39819279 ,40403958 ,40988909 ,41572491 ,42152151 ,42724163 ,43285634 ,43835722 ,44374572 ,44901544 ,45416181 ,45918097 ,46406646 ,46881475 ,47342981 ,47791911 ,48228697 ,48653419 
45,Comoros,230054 ,234644 ,239235 ,244208 ,250104 ,257290 ,265953 ,275900 ,286634 ,297447 ,307829 ,317606 ,326946 ,336096 ,345466 ,355337 ,365760 ,376654 ,387963 ,399632 ,411594 ,423872 ,436448 ,449274 ,462277 ,475394 ,488627 ,501953 ,515385 ,528848 ,542357 ,555888 ,569479 ,583211 ,597228 ,611627 ,626425 ,641620 ,657229 ,673252 ,689692 ,706569 ,723868 ,741500 ,759385 ,777424 ,795601 
46,Congo,1364812 ,1406643 ,1450518 ,1496047 ,1542690 ,1590039 ,1637941 ,1686524 ,1736099 ,1787129 ,1839935 ,1894676 ,1951195 ,2009165 ,2068132 ,2127770 ,2188046 ,2249146 ,2311348 ,2375008 ,2440457 ,2507772 ,2577035 ,2648507 ,2722497 ,2799255 ,2879222 ,2962470 ,3048453 ,3136344 ,3225727 ,3315806 ,3407180 ,3502519 ,3605439 ,3718243 ,3842365 ,3976246 ,4115435 ,4253712 ,4386693 ,4512730 ,4633363 ,4751393 ,4871101 ,4995648 ,5125821 
47,Cook Islands,21405 ,21510 ,21422 ,21176 ,20810 ,20349 ,19812 ,19196 ,18570 ,18028 ,17638 ,17430 ,17387 ,17466 ,17594 ,17733 ,17851 ,17970 ,18080 ,18211 ,18356 ,18528 ,18714 ,18869 ,18963 ,18956 ,18815 ,18569 ,18295 ,18124 ,18122 ,18322 ,18702 ,19148 ,19522 ,19710 ,19696 ,19511 ,19212 ,18868 ,18545 ,18257 ,17996 ,17767 ,17588 ,17449 ,17379 
48,Costa Rica,1848866 ,1898360 ,1947048 ,1995743 ,2045580 ,2097407 ,2151497 ,2207725 ,2266154 ,2326704 ,2389310 ,2454129 ,2521168 ,2589930 ,2659781 ,2730233 ,2800986 ,2872211 ,2944557 ,3018955 ,3095995 ,3175649 ,3257466 ,3341004 ,3425690 ,3510926 ,3596732 ,3682725 ,3767373 ,3848723 ,3925443 ,3996798 ,4063204 ,4125971 ,4187038 ,4247841 ,4308794 ,4369469 ,4429508 ,4488263 ,4545280 ,4600474 ,4654122 ,4706401 ,4757575 ,4807852 ,4857274 
49,Cote d'Ivoire,5242395 ,5479338 ,5737281 ,6013862 ,6305287 ,6608609 ,6922982 ,7248828 ,7585914 ,7934279 ,8293675 ,8664057 ,9044473 ,9432731 ,9826055 ,10222558 ,10620267 ,11019651 ,11424260 ,11839243 ,12267754 ,12710008 ,13163019 ,13622731 ,14083611 ,14540820 ,14995249 ,15445986 ,15884552 ,16300233 ,16686561 ,17040152 ,17366517 ,17679355 ,17997738 ,18336303 ,18699435 ,19085941 ,19497986 ,19936366 ,20401331 ,20895311 ,21418603 ,21966312 ,22531350 ,23108472 ,23695919 
50,Croatia,4423072 ,4438814 ,4453987 ,4469036 ,4484521 ,4500865 ,4518101 ,4536198 ,4555420 ,4576033 ,4598129 ,4621419 ,4645413 ,4669613 ,4693431 ,4716117 ,4737949 ,4758151 ,4773683 ,4780629 ,4776372 ,4760003 ,4732862 ,4697535 ,4657802 ,4616763 ,4574887 ,4532399 ,4491902 ,4456433 ,4428072 ,4408080 ,4395819 ,4388946 ,4383920 ,4378057 ,4370699 ,4362266 ,4352428 ,4341084 ,4328153 ,4313371 ,4296526 ,4277806 ,4257533 ,4236016 ,4213265 
51,Cuba,8715123 ,8869961 ,9025300 ,9176052 ,9315373 ,9438442 ,9544271 ,9634680 ,9711392 ,9777290 ,9835177 ,9884213 ,9925623 ,9966733 ,10017059 ,10082989 ,10168087 ,10269567 ,10379548 ,10486509 ,10582081 ,10663585 ,10733363 ,10794135 ,10850585 ,10906043 ,10961012 ,11013983 ,11064097 ,11110004 ,11150736 ,11186542 ,11217998 ,11244885 ,11266941 ,11284253 ,11296233 ,11303687 ,11309754 ,11318602 ,11333051 ,11354651 ,11382146 ,11412167 ,11439767 ,11461432 ,11475982 
52,Cura?ao,143634 ,145447 ,147152 ,148618 ,149683 ,150258 ,150240 ,149715 ,148929 ,148277 ,147996 ,148210 ,148814 ,149580 ,150187 ,150377 ,150057 ,149324 ,148354 ,147410 ,146671 ,146239 ,146021 ,145764 ,145125 ,143884 ,141983 ,139569 ,136891 ,134311 ,132099 ,130277 ,128829 ,128021 ,128157 ,129394 ,131898 ,135498 ,139730 ,143933 ,147608 ,150593 ,152985 ,154895 ,156512 ,158010 ,159371 
53,Cyprus,613621 ,620859 ,628002 ,635111 ,520500 ,502200 ,497900 ,497500 ,499600 ,503200 ,508600 ,515000 ,520800 ,527600 ,534800 ,541100 ,547500 ,553500 ,559300 ,567500 ,579400 ,594900 ,610600 ,625800 ,639000 ,650700 ,660900 ,670400 ,678900 ,686400 ,693600 ,701300 ,709600 ,717836 ,727980 ,738540 ,750965 ,767125 ,786632 ,808035 ,829446 ,850881 ,863945 ,861930 ,852504 ,847008 ,848319 
54,Czech Republic,9817817 ,9847386 ,9891283 ,9946376 ,10007469 ,10070144 ,10134717 ,10200921 ,10263109 ,10314154 ,10349271 ,10365718 ,10365453 ,10354307 ,10340848 ,10331370 ,10327528 ,10327732 ,10331215 ,10336170 ,10341169 ,10346750 ,10353318 ,10358972 ,10361242 ,10358456 ,10350570 ,10338593 ,10323488 ,10306645 ,10289594 ,10271204 ,10252439 ,10239277 ,10239536 ,10258176 ,10298288 ,10356586 ,10423794 ,10486845 ,10536286 ,10568715 ,10586755 ,10594481 ,10598526 ,10603762 ,10610947 
55,Czechoslovakia (Former),14356658 ,14422949 ,14507114 ,14605656 ,14712579 ,14822684 ,14936458 ,15053418 ,15166311 ,15265942 ,15346002 ,15403059 ,15439343 ,15461296 ,15478533 ,15498168 ,15521834 ,15547691 ,15575251 ,15602974 ,15629623 ,,,,,,,,,,,,,,,,,,,,,,,,,,
56,North Korea,12761875 ,13115337 ,13468028 ,13809498 ,14127188 ,14412938 ,14660911 ,14875078 ,15069384 ,15263935 ,15473357 ,15702808 ,15948415 ,16204930 ,16463458 ,16717714 ,16965290 ,17209000 ,18581000 ,19452000 ,20007000 ,20656000 ,21005000 ,21350000 ,21607000 ,21819000 ,22114000 ,22355000 ,22554000 ,22754000 ,22963000 ,23149000 ,23313000 ,23464000 ,23612000 ,23785804 ,23941957 ,24083445 ,24214649 ,24341891 ,24469832 ,24599884 ,24730968 ,24862256 ,24991998 ,25118920 ,25243006 
57,DR Congo,20009935 ,20562865 ,21120140 ,21689239 ,22280923 ,22902319 ,23559071 ,24247550 ,24954655 ,25661884 ,26357462 ,27039468 ,27717337 ,28404876 ,29121474 ,29883446 ,30685824 ,31529823 ,32444156 ,33465441 ,34614581 ,35914825 ,37346147 ,38833595 ,40273701 ,41595744 ,42770544 ,43830146 ,44840529 ,45898667 ,47076387 ,48394338 ,49835756 ,51390033 ,53034217 ,54751476 ,56543011 ,58417562 ,60373608 ,62409435 ,64523263 ,66713597 ,68978682 ,71316033 ,73722860 ,76196619 ,78736153 
58,Denmark,4931241 ,4961762 ,4990546 ,5017248 ,5041419 ,5062729 ,5081267 ,5097045 ,5109690 ,5118707 ,5123945 ,5125298 ,5123349 ,5119607 ,5116058 ,5114243 ,5114657 ,5117277 ,5122441 ,5130361 ,5141115 ,5154908 ,5171650 ,5190742 ,5211334 ,5232704 ,5254860 ,5277711 ,5300379 ,5321774 ,5341194 ,5358062 ,5372801 ,5386968 ,5402761 ,5421702 ,5444303 ,5469957 ,5497795 ,5526447 ,5554844 ,5582873 ,5610660 ,5637817 ,5663914 ,5688695 ,5711870 
59,Djibouti,159659 ,169372 ,179224 ,190568 ,205181 ,224183 ,248556 ,277479 ,308008 ,336085 ,358960 ,374937 ,385271 ,393802 ,406017 ,425613 ,454361 ,490330 ,528999 ,563864 ,590398 ,606844 ,615054 ,618495 ,622366 ,630388 ,643682 ,660953 ,680612 ,700099 ,717584 ,732711 ,746221 ,758615 ,770752 ,783254 ,796208 ,809402 ,822934 ,836840 ,851146 ,865937 ,881185 ,896688 ,912164 ,927414 ,942333 
60,Dominica,71073 ,71569 ,71734 ,71744 ,71807 ,72094 ,72642 ,73411 ,74242 ,74925 ,75314 ,75375 ,75170 ,74747 ,74213 ,73643 ,73025 ,72370 ,71742 ,71242 ,70926 ,70842 ,70970 ,71210 ,71373 ,71368 ,71145 ,70753 ,70290 ,69903 ,69676 ,69670 ,69824 ,70093 ,70379 ,70627 ,70807 ,70950 ,71074 ,71229 ,71440 ,71718 ,72044 ,72400 ,72778 ,73162 ,73543 
61,Dominican Republic,4503114 ,4631114 ,4759934 ,4889436 ,5019473 ,5149935 ,5280723 ,5411865 ,5543517 ,5675931 ,5809269 ,5943591 ,6078820 ,6214857 ,6351572 ,6488856 ,6626542 ,6764624 ,6903316 ,7042937 ,7183647 ,7325622 ,7468551 ,7611465 ,7753052 ,7892423 ,8029113 ,8163472 ,8296375 ,8429112 ,8562622 ,8697126 ,8832285 ,8967760 ,9102998 ,9237566 ,9371338 ,9504353 ,9636520 ,9767758 ,9897985 ,10027095 ,10154950 ,10281296 ,10405844 ,10528394 ,10648791 
62,Ecuador,6072527 ,6248835 ,6428711 ,6611916 ,6798206 ,6987391 ,7179399 ,7374234 ,7571959 ,7772653 ,7976445 ,8183194 ,8392940 ,8606213 ,8823751 ,9045979 ,9272906 ,9504129 ,9739176 ,9977377 ,10218091 ,10460990 ,10705667 ,10951202 ,11196479 ,11440583 ,11683479 ,11924993 ,12163885 ,12398691 ,12628596 ,12852755 ,13072060 ,13289601 ,13509647 ,13735233 ,13967480 ,14205453 ,14447562 ,14691275 ,14934690 ,15177355 ,15419666 ,15661547 ,15903112 ,16144368 ,16385068 
63,Egypt,35046273 ,35863382 ,36673642 ,37488067 ,38322022 ,39187702 ,40089032 ,41026477 ,42004655 ,43027816 ,44099142 ,45216506 ,46379620 ,47594556 ,48868951 ,50204985 ,51607703 ,53066229 ,54547296 ,56006573 ,57412215 ,58752390 ,60035536 ,61275601 ,62495745 ,63714386 ,64933456 ,66151117 ,67378056 ,68626664 ,69905988 ,71226940 ,72590118 ,73981942 ,75381899 ,76778149 ,78159048 ,79537253 ,80953881 ,82465022 ,84107606 ,85897561 ,87813257 ,89807433 ,91812566 ,93778172 ,95688681 
64,El Salvador,3668595 ,3765166 ,3861931 ,3958323 ,4053713 ,4147525 ,4239675 ,4329964 ,4417516 ,4501316 ,4580704 ,4655364 ,4725720 ,4792903 ,4858532 ,4923860 ,4988943 ,5053714 ,5119035 ,5185943 ,5254984 ,5326657 ,5400331 ,5474000 ,5544945 ,5611115 ,5671925 ,5727755 ,5778706 ,5825187 ,5867626 ,5905962 ,5940303 ,5971535 ,6000775 ,6028961 ,6056478 ,6083475 ,6110301 ,6137276 ,6164626 ,6192560 ,6221246 ,6250777 ,6281189 ,6312478 ,6344722 
65,Equatorial Guinea,306515 ,301666 ,292585 ,281021 ,269426 ,259747 ,252194 ,246677 ,244485 ,247078 ,255325 ,270063 ,290617 ,314475 ,338086 ,358896 ,376024 ,390173 ,402326 ,414138 ,426846 ,440624 ,455148 ,470610 ,487140 ,504871 ,523999 ,544636 ,566673 ,589938 ,614323 ,639762 ,666407 ,694611 ,724817 ,757317 ,792217 ,829327 ,868418 ,909111 ,951104 ,994290 ,1038593 ,1083746 ,1129424 ,1175389 ,1221490 
66,Eritrea,1811878 ,1861199 ,1912302 ,1965160 ,2019717 ,2075965 ,2133723 ,2193068 ,2254450 ,2318495 ,2385540 ,2454766 ,2525521 ,2598410 ,2674289 ,2753151 ,2837111 ,2924349 ,3006361 ,3071771 ,3113311 ,3127297 ,3118582 ,3099047 ,3085443 ,3090159 ,3116379 ,3161350 ,3224223 ,3302263 ,3392801 ,3497124 ,3614639 ,3738265 ,3858623 ,3969007 ,4066648 ,4153332 ,4232636 ,4310334 ,4390840 ,4474690 ,4560977 ,4650998 ,4746045 ,4846976 ,4954645 
67,Estonia,1360202 ,1373306 ,1386068 ,1398471 ,1410467 ,1422042 ,1433178 ,1443889 ,1454273 ,1464416 ,1474436 ,1483873 ,1492641 ,1501420 ,1511199 ,1522397 ,1536033 ,1551208 ,1564192 ,1569971 ,1565242 ,1548215 ,1520810 ,1488059 ,1457093 ,1433024 ,1417736 ,1409674 ,1406350 ,1403789 ,1399112 ,1391729 ,1382732 ,1372909 ,1363565 ,1355648 ,1349297 ,1344072 ,1339712 ,1335830 ,1332102 ,1328449 ,1324934 ,1321560 ,1318359 ,1315321 ,1312442 
68,Ethiopia,28415077 ,29245207 ,30132580 ,31025115 ,31851708 ,32566821 ,33146891 ,33622390 ,34068316 ,34590226 ,35264898 ,36120288 ,37136848 ,38285883 ,39518801 ,40800343 ,42120730 ,43493283 ,44932064 ,46458913 ,48086516 ,49821083 ,51647768 ,53532956 ,55431123 ,57309880 ,59155148 ,60976450 ,62794151 ,64640054 ,66537331 ,68492257 ,70497192 ,72545144 ,74624405 ,76727083 ,78850689 ,81000409 ,83184892 ,85416253 ,87702670 ,90046756 ,92444183 ,94887724 ,97366774 ,99873033 ,102403196 
69,Ethiopia (Former),30226955 ,31106406 ,32044882 ,32990275 ,33871425 ,34642786 ,35280614 ,35815458 ,36322766 ,36908721 ,37650438 ,38575054 ,39662369 ,40884293 ,42193090 ,43553494 ,44957841 ,46417632 ,47938425 ,49530684 ,51199827 ,52948380 ,54766350 ,56632003 ,,,,,,,,,,,,,,,,,,,,,,,
70,Fiji,520529 ,531601 ,542814 ,554107 ,565388 ,576595 ,587520 ,598259 ,609345 ,621538 ,635255 ,650955 ,668198 ,685391 ,700366 ,711661 ,718548 ,721725 ,722917 ,724624 ,728628 ,735473 ,744531 ,755026 ,765667 ,775498 ,784476 ,792860 ,800315 ,806494 ,811223 ,814218 ,815691 ,816628 ,818354 ,821817 ,827411 ,834812 ,843340 ,851967 ,859950 ,867086 ,873596 ,879715 ,885806 ,892149 ,898760 
71,Finland,4612366 ,4629380 ,4651172 ,4675456 ,4698779 ,4718749 ,4734437 ,4746932 ,4758252 ,4771345 ,4788243 ,4809813 ,4835100 ,4862178 ,4888204 ,4911220 ,4930341 ,4946373 ,4961087 ,4977115 ,4996222 ,5019125 ,5044925 ,5071789 ,5097097 ,5119005 ,5136979 ,5151746 ,5164242 ,5175926 ,5187954 ,5200479 ,5213373 ,5227103 ,5242185 ,5258927 ,5277570 ,5298014 ,5319902 ,5342646 ,5365782 ,5389242 ,5412980 ,5436616 ,5459717 ,5481966 ,5503132 
72,Former Netherlands Antilles,150498 ,152822 ,155048 ,157046 ,158658 ,159815 ,160401 ,160512 ,160410 ,160526 ,161092 ,162229 ,163816 ,165700 ,167639 ,169405 ,170955 ,172331 ,173509 ,174470 ,175220 ,175773 ,176111 ,176103 ,175596 ,174517 ,172836 ,170679 ,168265 ,165926 ,163918 ,162277 ,161011 ,160367 ,160621 ,161925 ,164415 ,167937 ,172167 ,176565 ,180732 ,184569 ,188118 ,,,,
73,France,52035098 ,52479817 ,52957797 ,53439180 ,53880498 ,54252017 ,54543687 ,54770581 ,54958503 ,55144995 ,55357827 ,55604012 ,55876837 ,56173453 ,56486785 ,56810771 ,57147738 ,57498495 ,57853168 ,58198793 ,58526312 ,58831936 ,59118897 ,59394020 ,59667593 ,59947582 ,60235572 ,60530281 ,60833414 ,61146395 ,61470057 ,61804453 ,62149287 ,62504520 ,62869798 ,63244021 ,63627953 ,64019055 ,64409085 ,64787232 ,65145786 ,65481114 ,65795131 ,66092559 ,66380854 ,66665535 ,66947895 
74,French Polynesia,110495 ,114313 ,118279 ,122356 ,126486 ,130619 ,134748 ,138864 ,143032 ,147296 ,151708 ,156243 ,160888 ,165613 ,170396 ,175204 ,180075 ,184950 ,189738 ,194252 ,198375 ,202016 ,205266 ,208345 ,211579 ,215196 ,219283 ,223731 ,228376 ,232952 ,237258 ,241273 ,245006 ,248499 ,251775 ,254886 ,257832 ,260594 ,263179 ,265581 ,267820 ,269843 ,271703 ,273528 ,275484 ,277690 ,280208 
75,Gabon,590118 ,601731 ,613123 ,624621 ,636696 ,649716 ,663770 ,678774 ,694732 ,711533 ,729159 ,747587 ,766855 ,787013 ,808083 ,830085 ,853027 ,876863 ,901458 ,926622 ,952212 ,978223 ,1004676 ,1031504 ,1058663 ,1086137 ,1113994 ,1142324 ,1171224 ,1200773 ,1231122 ,1262259 ,1294409 ,1328146 ,1364205 ,1403126 ,1444844 ,1489193 ,1536411 ,1586754 ,1640210 ,1697101 ,1756817 ,1817271 ,1875713 ,1930175 ,1979786 
76,The Gambia,447285 ,460194 ,474539 ,489861 ,505512 ,521070 ,536409 ,551817 ,567831 ,585157 ,604369 ,625411 ,648210 ,673238 ,701104 ,732096 ,766589 ,804125 ,843050 ,881138 ,916808 ,949493 ,979718 ,1008358 ,1036829 ,1066223 ,1096708 ,1128169 ,1160944 ,1195420 ,1231844 ,1270495 ,1311349 ,1354194 ,1398573 ,1444204 ,1491021 ,1539116 ,1588572 ,1639560 ,1692149 ,1746363 ,1802125 ,1859324 ,1917852 ,1977590 ,2038501 
77,Georgia,4713322 ,4758145 ,4793550 ,4822160 ,4847853 ,4873619 ,4900179 ,4927244 ,4955501 ,4985563 ,5017818 ,5051225 ,5085514 ,5122384 ,5164137 ,5211441 ,5266826 ,5327228 ,5380909 ,5412147 ,5410372 ,5370649 ,5298086 ,5204634 ,5107674 ,5020061 ,4945566 ,4881248 ,4825186 ,4773169 ,4722059 ,4672162 ,4624880 ,4579082 ,4533329 ,4486547 ,4438896 ,4390535 ,4340514 ,4287696 ,4231661 ,4171256 ,4107719 ,4045910 ,3992346 ,3951524 ,3925405 
78,Germany,78572984 ,78786608 ,78901707 ,78936165 ,78917220 ,78866498 ,78794496 ,78701801 ,78589311 ,78454848 ,78300650 ,78126104 ,77944848 ,77790080 ,77704336 ,77717431 ,77837500 ,78054086 ,78354017 ,78715610 ,79118326 ,79564454 ,80046157 ,80520088 ,80931041 ,81240604 ,81426337 ,81499866 ,81499232 ,81481612 ,81487757 ,81535848 ,81611868 ,81686495 ,81715659 ,81671234 ,81540353 ,81344457 ,81130944 ,80965612 ,80894785 ,80933980 ,81066228 ,81265139 ,81489660 ,81707789 ,81914672 
79,Ghana,8596983 ,8827273 ,9083573 ,9350111 ,9604276 ,9831407 ,10023472 ,10189890 ,10354499 ,10550777 ,10802028 ,11117605 ,11488106 ,11895125 ,12311158 ,12716228 ,13104296 ,13481406 ,13854214 ,14233874 ,14628260 ,15039514 ,15463854 ,15896432 ,16330174 ,16760467 ,17185608 ,17608812 ,18036494 ,18477612 ,18938762 ,19421605 ,19924522 ,20446782 ,20986536 ,21542009 ,22113425 ,22700212 ,23298640 ,23903831 ,24512104 ,25121796 ,25733049 ,26346251 ,26962563 ,27582821 ,28206728 
80,Greece,8659795 ,8712683 ,8769758 ,8835139 ,8914176 ,9009917 ,9124755 ,9255380 ,9392113 ,9521672 ,9634504 ,9727724 ,9804166 ,9867161 ,9922431 ,9974739 ,10023374 ,10068281 ,10115853 ,10174169 ,10248537 ,10341892 ,10451417 ,10569422 ,10684818 ,10789375 ,10880912 ,10961123 ,11030393 ,11090266 ,11142119 ,11184398 ,11216799 ,11243567 ,11270476 ,11301204 ,11338770 ,11380897 ,11419647 ,11443828 ,11446005 ,11422805 ,11378257 ,11321300 ,11264726 ,11217800 ,11183716 
81,Greenland,46074 ,47186 ,48077 ,48738 ,49234 ,49586 ,49780 ,49844 ,49860 ,49946 ,50179 ,50584 ,51157 ,51829 ,52534 ,53190 ,53797 ,54373 ,54878 ,55295 ,55604 ,55789 ,55861 ,55848 ,55815 ,55811 ,55837 ,55881 ,55948 ,56046 ,56175 ,56327 ,56518 ,56708 ,56861 ,56951 ,56971 ,56927 ,56841 ,56728 ,56638 ,56552 ,56470 ,56414 ,56382 ,56377 ,56412 
82,Grenada,94426 ,94185 ,93934 ,93630 ,93152 ,92448 ,91437 ,90184 ,89073 ,88568 ,89005 ,90572 ,93091 ,95985 ,98439 ,99906 ,100143 ,99380 ,98062 ,96869 ,96283 ,96454 ,97198 ,98305 ,99405 ,100255 ,100796 ,101122 ,101309 ,101442 ,101619 ,101849 ,102100 ,102375 ,102656 ,102949 ,103259 ,103586 ,103930 ,104296 ,104677 ,105075 ,105481 ,105909 ,106360 ,106823 ,107317 
83,Guatemala,5621792 ,5780480 ,5941567 ,6104530 ,6268707 ,6433728 ,6599214 ,6765516 ,6933906 ,7106145 ,7283459 ,7466488 ,7654819 ,7847472 ,8042897 ,8240060 ,8438604 ,8639108 ,8842575 ,9050465 ,9263813 ,9483270 ,9708544 ,9938692 ,10172297 ,10408489 ,10646674 ,10887634 ,11133501 ,11387203 ,11650743 ,11924946 ,12208848 ,12500478 ,12796925 ,13096028 ,13397008 ,13700286 ,14006366 ,14316208 ,14630417 ,14948919 ,15271056 ,15596214 ,15923559 ,16252429 ,16582469 
84,Guinea,4219770 ,4263840 ,4298091 ,4324360 ,4345545 ,4364514 ,4381601 ,4398484 ,4421134 ,4457078 ,4511902 ,4589784 ,4690605 ,4810496 ,4943144 ,5084767 ,5229797 ,5381483 ,5554882 ,5770652 ,6041094 ,6374329 ,6758838 ,7163236 ,7544291 ,7871173 ,8132552 ,8337988 ,8503297 ,8653769 ,8808546 ,8971139 ,9137345 ,9309848 ,9490229 ,9679745 ,9881428 ,10096727 ,10323142 ,10556524 ,10794170 ,11035170 ,11281469 ,11536615 ,11805509 ,12091533 ,12395924 
85,Guinea-Bissau,711827 ,726256 ,741490 ,756280 ,768945 ,778470 ,784156 ,786754 ,788495 ,792462 ,800854 ,814507 ,832668 ,854113 ,876873 ,899509 ,921626 ,943617 ,965742 ,988520 ,1012280 ,1037155 ,1062800 ,1088569 ,1113541 ,1137122 ,1159060 ,1179727 ,1199915 ,1220794 ,1243229 ,1267512 ,1293523 ,1321202 ,1350345 ,1380838 ,1412669 ,1445958 ,1480841 ,1517448 ,1555880 ,1596154 ,1638139 ,1681495 ,1725744 ,1770526 ,1815698 
86,Guyana,704934 ,713684 ,721948 ,729916 ,737847 ,745841 ,754101 ,762424 ,770125 ,776254 ,780153 ,781732 ,781246 ,778948 ,775219 ,770435 ,764459 ,757506 ,750731 ,745665 ,743309 ,744289 ,748134 ,753484 ,758342 ,761291 ,761861 ,760510 ,757952 ,755278 ,753301 ,752263 ,751884 ,751857 ,751652 ,750946 ,749601 ,747869 ,746314 ,745693 ,746556 ,749100 ,753091 ,758081 ,763393 ,768514 ,773303 
87,Haiti,4708642 ,4793155 ,4876560 ,4960657 ,5047944 ,5140357 ,5238245 ,5341419 ,5450549 ,5566266 ,5688836 ,5818671 ,5955267 ,6096692 ,6240329 ,6384195 ,6527543 ,6670568 ,6813348 ,6956300 ,7099732 ,7243391 ,7386975 ,7530705 ,7674911 ,7819806 ,7965553 ,8111951 ,8258483 ,8404398 ,8549200 ,8692567 ,8834733 ,8976552 ,9119178 ,9263404 ,9409457 ,9556889 ,9705029 ,9852870 ,9999617 ,10145054 ,10289210 ,10431776 ,10572466 ,10711061 ,10847334 
88,Honduras,2716659 ,2798125 ,2882113 ,2968994 ,3059254 ,3153261 ,3251158 ,3352835 ,3458104 ,3566665 ,3678286 ,3792938 ,3910657 ,4031349 ,4154887 ,4281189 ,4410158 ,4541804 ,4676361 ,4814137 ,4955328 ,5099951 ,5247836 ,5398805 ,5552625 ,5709051 ,5867849 ,6028882 ,6192026 ,6357221 ,6524283 ,6693061 ,6863157 ,7033821 ,7204153 ,7373430 ,7541406 ,7707972 ,7872658 ,8035021 ,8194778 ,8351600 ,8505646 ,8657785 ,8809216 ,8960829 ,9112867 
89,Hungary,10366340 ,10398442 ,10426426 ,10454060 ,10486634 ,10527270 ,10578457 ,10637073 ,10693829 ,10735989 ,10754766 ,10746963 ,10716324 ,10669693 ,10617232 ,10566817 ,10519786 ,10475042 ,10435047 ,10402126 ,10377651 ,10363564 ,10359143 ,10359589 ,10358122 ,10349838 ,10332989 ,10309022 ,10280145 ,10249959 ,10221051 ,10194005 ,10167872 ,10141956 ,10115081 ,10086465 ,10055897 ,10023887 ,9991201 ,9958942 ,9927840 ,9898204 ,9869684 ,9841697 ,9813335 ,9783925 ,9753281 
90,Iceland,204426 ,207088 ,209929 ,212814 ,215563 ,218070 ,220291 ,222266 ,224150 ,226103 ,228262 ,230664 ,233269 ,236019 ,238808 ,241582 ,244331 ,247056 ,249756 ,252413 ,255043 ,257624 ,260151 ,262656 ,265138 ,267629 ,270150 ,272709 ,275296 ,277870 ,280435 ,282907 ,285329 ,287952 ,291104 ,294979 ,299728 ,305200 ,310884 ,316086 ,320328 ,323418 ,325526 ,327029 ,328459 ,330243 ,332474 
91,India,553578513 ,566224812 ,579411513 ,593058926 ,607050255 ,621301720 ,635771734 ,650485030 ,665502284 ,680915804 ,696783517 ,713118032 ,729868013 ,746949067 ,764245202 ,781666671 ,799181436 ,816792741 ,834489322 ,852270034 ,870133480 ,888054875 ,906021106 ,924057817 ,942204249 ,960482795 ,978893217 ,997405318 ,1015974042 ,1034539214 ,1053050912 ,1071477855 ,1089807112 ,1108027848 ,1126135777 ,1144118674 ,1161977719 ,1179681239 ,1197146906 ,1214270132 ,1230980691 ,1247236029 ,1263065852 ,1278562207 ,1293859294 ,1309053980 ,1324171354 
92,Indonesia,115439905 ,118542943 ,121698012 ,124896735 ,128129454 ,131389099 ,134665637 ,137958214 ,141279713 ,144649390 ,148077928 ,151569845 ,155110695 ,158668991 ,162202271 ,165679141 ,169086209 ,172428439 ,175715390 ,178964667 ,182188754 ,185392990 ,188571521 ,191713134 ,194801956 ,197829296 ,200790747 ,203698459 ,206580738 ,208612556 ,211540429 ,214506502 ,217508059 ,220545214 ,223614649 ,226712730 ,229838202 ,232989141 ,236159276 ,239340478 ,242524123 ,245707511 ,248883232 ,252032263 ,255131116 ,258162113 ,261115456 
93,Iran,28514010 ,29281268 ,30074298 ,30904271 ,31785500 ,32730554 ,33737768 ,34810723 ,35972652 ,37252659 ,38668220 ,40217629 ,41883332 ,43645092 ,45474708 ,47342702 ,49256842 ,51197482 ,53075618 ,54777114 ,56226185 ,57375584 ,58260738 ,58991218 ,59725125 ,60575644 ,61583089 ,62710557 ,63900630 ,65062660 ,66131854 ,67096414 ,67983330 ,68812713 ,69617100 ,70421811 ,71227880 ,72031103 ,72845542 ,73687565 ,74567511 ,75491582 ,76453574 ,77435384 ,78411092 ,79360487 ,80277428 
94,Iraq,9917983 ,10255903 ,10599845 ,10951166 ,11312305 ,11684589 ,12068168 ,12460914 ,12859094 ,13257799 ,13653356 ,14046540 ,14438309 ,14825789 ,15205501 ,15576395 ,15936375 ,16290149 ,16651807 ,17040190 ,17469005 ,17942715 ,18458187 ,19011917 ,19597239 ,20208387 ,20845893 ,21509291 ,22190250 ,22878156 ,23565413 ,24251649 ,24939299 ,25627626 ,26316609 ,27008426 ,27697912 ,28390433 ,29111417 ,29894652 ,30762701 ,31727053 ,32776571 ,33883145 ,35006080 ,36115649 ,37202572 
95,Ireland,2949998 ,2986783 ,3030395 ,3079295 ,3131175 ,3184126 ,3237594 ,3291170 ,3343147 ,3391580 ,3434953 ,3472888 ,3505360 ,3531776 ,3551654 ,3564959 ,3571346 ,3571760 ,3569112 ,3567289 ,3569257 ,3576375 ,3588594 ,3605665 ,3626799 ,3651545 ,3679849 ,3712464 ,3750570 ,3795699 ,3848776 ,3909293 ,3976288 ,4049547 ,4128749 ,4212977 ,4303370 ,4398073 ,4489589 ,4568064 ,4626928 ,4662579 ,4678117 ,4681967 ,4686347 ,4700107 ,4726078 
96,Israel,2849622 ,2936668 ,3033922 ,3137033 ,3239563 ,3336760 ,3427664 ,3513529 ,3594488 ,3671282 ,3744667 ,3815232 ,3883467 ,3950123 ,4016130 ,4082787 ,4148946 ,4216179 ,4291576 ,4384355 ,4500475 ,4643198 ,4808858 ,4987730 ,5166072 ,5333719 ,5488077 ,5631544 ,5765210 ,5891770 ,6013741 ,6129530 ,6239285 ,6349519 ,6468827 ,6602970 ,6755211 ,6922685 ,7097410 ,7267895 ,7425959 ,7568774 ,7699105 ,7821105 ,7941329 ,8064547 ,8191828 
97,Italy,53578683 ,53949930 ,54321016 ,54682627 ,55022218 ,55330694 ,55604287 ,55845068 ,56057025 ,56246800 ,56419278 ,56576504 ,56717076 ,56838675 ,56937695 ,57012352 ,57061781 ,57089451 ,57103128 ,57113159 ,57127120 ,57152516 ,57188887 ,57226647 ,57251367 ,57255193 ,57229670 ,57184901 ,57153554 ,57179989 ,57293721 ,57506367 ,57801763 ,58147037 ,58494704 ,58808483 ,59079869 ,59313511 ,59502385 ,59641853 ,59729807 ,59759929 ,59733834 ,59668000 ,59585668 ,59504212 ,59429938 
98,Jamaica,1875381 ,1904016 ,1934828 ,1966700 ,1998034 ,2027737 ,2055085 ,2080538 ,2105664 ,2132690 ,2163045 ,2197583 ,2235327 ,2273666 ,2308947 ,2338638 ,2361720 ,2379279 ,2393534 ,2407720 ,2424242 ,2443689 ,2465362 ,2488782 ,2513049 ,2537440 ,2561993 ,2586827 ,2611367 ,2634882 ,2656864 ,2677011 ,2695446 ,2712511 ,2728777 ,2744673 ,2760279 ,2775467 ,2790122 ,2804082 ,2817210 ,2829493 ,2840992 ,2851807 ,2862087 ,2871934 ,2881355 
99,Japan,104925645 ,106425269 ,107977039 ,109532878 ,111030141 ,112423055 ,113690108 ,114839120 ,115890284 ,116878026 ,117827355 ,118743180 ,119615624 ,120438087 ,121199799 ,121894038 ,122519652 ,123083205 ,123594968 ,124068903 ,124515561 ,124940015 ,125341476 ,125717524 ,126063174 ,126375466 ,126654021 ,126902628 ,127127265 ,127335858 ,127533934 ,127723513 ,127902617 ,128067794 ,128213632 ,128335767 ,128432994 ,128505251 ,128550508 ,128566659 ,128551873 ,128505399 ,128426384 ,128312920 ,128162873 ,127974958 ,127748513 
100,Jordan,1718913 ,1806605 ,1881214 ,1945626 ,2004833 ,2062918 ,2120069 ,2176135 ,2234594 ,2299655 ,2374422 ,2461193 ,2559718 ,2667470 ,2780428 ,2895985 ,3011300 ,3127917 ,3252672 ,3395023 ,3560582 ,3753433 ,3968198 ,4189431 ,4395953 ,4572904 ,4716373 ,4832267 ,4927912 ,5014899 ,5103130 ,5193482 ,5287488 ,5396774 ,5535595 ,5714111 ,5934232 ,6193191 ,6489822 ,6821116 ,7182390 ,7574943 ,7992573 ,8413464 ,8809306 ,9159302 ,9455802 
101,Kazakhstan,13109996 ,13324670 ,13538749 ,13748319 ,13946819 ,14130071 ,14296769 ,14450533 ,14597846 ,14747561 ,14905889 ,15072355 ,15244045 ,15421226 ,15603720 ,15789437 ,15980988 ,16173101 ,16346206 ,16474563 ,16540258 ,16540017 ,16481113 ,16370000 ,16217491 ,16034956 ,15820631 ,15581752 ,15349899 ,15165574 ,15057363 ,15039971 ,15105645 ,15232325 ,15385916 ,15541457 ,15690861 ,15841355 ,16001176 ,16184163 ,16398976 ,16647380 ,16921179 ,17207257 ,17487779 ,17749648 ,17987736 
102,Kenya,11252492 ,11657514 ,12083188 ,12529852 ,12997595 ,13486629 ,13996704 ,14528293 ,15082994 ,15662852 ,16268990 ,16901677 ,17559430 ,18239404 ,18937738 ,19651225 ,20378626 ,21119318 ,21871442 ,22633022 ,23402507 ,24179598 ,24963953 ,25754114 ,26548486 ,27346456 ,28147734 ,28954114 ,29769803 ,30600397 ,31450483 ,32321482 ,33214009 ,34130852 ,35074931 ,36048288 ,37052050 ,38085909 ,39148416 ,40237204 ,41350152 ,42486839 ,43646629 ,44826849 ,46024250 ,47236259 ,48461567 
103,Kiribati,51178 ,52025 ,52824 ,53604 ,54380 ,55169 ,55977 ,56810 ,57662 ,58506 ,59339 ,60133 ,60920 ,61768 ,62765 ,64003 ,65518 ,67261 ,69098 ,70860 ,72412 ,73700 ,74769 ,75719 ,76671 ,77730 ,78907 ,80184 ,81550 ,82966 ,84406 ,85858 ,87343 ,88895 ,90542 ,92325 ,94260 ,96311 ,98440 ,100568 ,102652 ,104656 ,106613 ,108535 ,110458 ,112407 ,114395 
104,Kosovo,,,,,,,,,,,,,,,,,,,,,1619733 ,2007985 ,2098895 ,2183510 ,2241070 ,2255882 ,2229773 ,2176470 ,2101903 ,2038913 ,1971269 ,1909985 ,1852674 ,1822278 ,1795186 ,1774217 ,1761720 ,1753635 ,1749330 ,1743949 ,1738280 ,1757227 ,1755487 ,1753663 ,1752925 ,1755897 ,1761761 
105,Kuwait,746767 ,801142 ,854604 ,908520 ,964834 ,1024940 ,1089209 ,1157033 ,1227601 ,1299683 ,1372318 ,1442991 ,1511314 ,1580638 ,1655833 ,1738994 ,1836105 ,1942810 ,2038885 ,2096932 ,2099615 ,2035661 ,1916877 ,1777137 ,1663932 ,1610651 ,1631740 ,1715314 ,1836353 ,1957066 ,2050741 ,2109355 ,2143833 ,2169118 ,2207939 ,2276623 ,2377258 ,2503410 ,2652340 ,2818939 ,2998083 ,3191051 ,3395556 ,3598385 ,3782450 ,3935794 ,4052584 
106,Kyrgyzstan,2969864 ,3039767 ,3105535 ,3168293 ,3229688 ,3291077 ,3352618 ,3414320 ,3477229 ,3542522 ,3610981 ,3682672 ,3757184 ,3834168 ,3913058 ,3993106 ,4075187 ,4158607 ,4239295 ,4311868 ,4372890 ,4419631 ,4454189 ,4483840 ,4518801 ,4566087 ,4629398 ,4705638 ,4786773 ,4861129 ,4920718 ,4962590 ,4990687 ,5012269 ,5037929 ,5075380 ,5126730 ,5189720 ,5262294 ,5340781 ,5422337 ,5506601 ,5594108 ,5683808 ,5774566 ,5865401 ,5955734 
107,Laos,2688428 ,2762265 ,2840841 ,2919287 ,2990965 ,3051577 ,3098973 ,3135842 ,3168843 ,3207328 ,3258144 ,3323377 ,3401242 ,3489977 ,3586381 ,3687898 ,3794043 ,3905163 ,4020295 ,4138408 ,4258472 ,4380073 ,4502363 ,4623280 ,4740380 ,4851923 ,4957180 ,5056519 ,5150763 ,5241284 ,5329304 ,5414568 ,5497273 ,5579656 ,5664605 ,5754026 ,5849356 ,5949787 ,6052190 ,6152036 ,6246274 ,6333487 ,6415169 ,6494557 ,6576397 ,6663967 ,6758353 
108,Latvia,2378017 ,2398376 ,2418267 ,2437177 ,2454393 ,2469436 ,2482181 ,2492978 ,2502513 ,2511735 ,2521385 ,2531013 ,2540442 ,2550927 ,2564107 ,2580751 ,2602151 ,2626899 ,2649821 ,2663924 ,2664432 ,2649152 ,2620246 ,2582650 ,2543622 ,2508473 ,2478825 ,2453302 ,2430547 ,2408090 ,2384163 ,2358677 ,2332492 ,2305775 ,2278855 ,2251983 ,2225223 ,2198518 ,2171881 ,2145309 ,2118848 ,2092493 ,2066374 ,2040784 ,2016125 ,1992663 ,1970530 
109,Lebanon,2297389 ,2353555 ,2416735 ,2480419 ,2535497 ,2575690 ,2598354 ,2606221 ,2604865 ,2602566 ,2605293 ,2615747 ,2632276 ,2651292 ,2667220 ,2676583 ,2677280 ,2672173 ,2668585 ,2676605 ,2703016 ,2752462 ,2821862 ,2900854 ,2974640 ,3033394 ,3070960 ,3092670 ,3113951 ,3156646 ,3235366 ,3359859 ,3522837 ,3701464 ,3863267 ,3986852 ,4057350 ,4086466 ,4111047 ,4183156 ,4337141 ,4588368 ,4916404 ,5276102 ,5603279 ,5851479 ,6006668 
110,Lesotho,1033050 ,1054453 ,1076340 ,1099235 ,1123855 ,1150635 ,1179723 ,1210799 ,1243352 ,1276663 ,1310118 ,1343690 ,1377346 ,1410439 ,1442212 ,1472192 ,1499861 ,1525460 ,1550262 ,1576022 ,1603938 ,1634517 ,1667121 ,1700362 ,1732257 ,1761359 ,1787273 ,1810453 ,1831298 ,1850527 ,1868699 ,1885955 ,1902312 ,1918097 ,1933728 ,1949543 ,1965662 ,1982287 ,1999930 ,2019209 ,2040551 ,2064166 ,2089928 ,2117361 ,2145785 ,2174645 ,2203821 
111,Liberia,1416529 ,1454198 ,1493711 ,1535229 ,1578952 ,1625013 ,1672300 ,1720489 ,1771256 ,1826881 ,1888314 ,1957456 ,2031850 ,2102911 ,2159089 ,2192555 ,2201833 ,2191023 ,2165090 ,2131525 ,2097232 ,2060267 ,2022729 ,2000248 ,2012885 ,2073482 ,2191179 ,2358469 ,2551062 ,2734518 ,2884522 ,2991132 ,3062863 ,3116233 ,3176414 ,3261230 ,3375838 ,3512932 ,3662993 ,3811528 ,3948125 ,4070167 ,4181563 ,4286291 ,4390737 ,4499621 ,4613823 
112,Libya,2133526 ,2228146 ,2327490 ,2430755 ,2536888 ,2645139 ,2754696 ,2865637 ,2979093 ,3096729 ,3219466 ,3347781 ,3480454 ,3614689 ,3746715 ,3873781 ,3994591 ,4109703 ,4220418 ,4328914 ,4436661 ,4544293 ,4651004 ,4755289 ,4855003 ,4948798 ,5035884 ,5117269 ,5195502 ,5274163 ,5355751 ,5440566 ,5527515 ,5615952 ,5704759 ,5792688 ,5881435 ,5970362 ,6053078 ,6121053 ,6169140 ,6193501 ,6198258 ,6195970 ,6204108 ,6234955 ,6293253 
113,Liechtenstein,21265 ,21726 ,22151 ,22563 ,22981 ,23432 ,23926 ,24440 ,24962 ,25447 ,25866 ,26224 ,26515 ,26765 ,27011 ,27257 ,27524 ,27802 ,28095 ,28407 ,28747 ,29108 ,29497 ,29919 ,30365 ,30833 ,31325 ,31838 ,32355 ,32842 ,33286 ,33671 ,34018 ,34321 ,34596 ,34852 ,35095 ,35322 ,35541 ,35766 ,36003 ,36264 ,36545 ,36834 ,37127 ,37403 ,37666 
114,Lithuania,3136580 ,3170071 ,3203628 ,3236731 ,3268642 ,3298873 ,3327257 ,3354062 ,3379798 ,3405176 ,3430759 ,3456142 ,3481132 ,3506539 ,3533478 ,3562396 ,3594056 ,3627328 ,3658490 ,3682557 ,3696034 ,3697453 ,3688100 ,3670647 ,3649134 ,3626602 ,3603745 ,3579904 ,3555133 ,3529178 ,3501835 ,3473617 ,3444754 ,3414352 ,3381118 ,3344252 ,3303671 ,3260091 ,3214627 ,3168772 ,3123803 ,3079881 ,3037246 ,2997334 ,2961846 ,2931926 ,2908249 
115,Luxembourg,339668 ,342226 ,345103 ,348173 ,351189 ,353983 ,356564 ,358968 ,361073 ,362789 ,364038 ,364781 ,365098 ,365305 ,365795 ,366884 ,368666 ,371078 ,374118 ,377706 ,381791 ,386352 ,391394 ,396810 ,402433 ,408149 ,413999 ,419974 ,425833 ,431262 ,436103 ,440198 ,443726 ,447322 ,451819 ,457842 ,465554 ,474722 ,485105 ,496279 ,507889 ,519941 ,532387 ,544721 ,556316 ,566741 ,575747 
116,Madagascar,6576305 ,6757850 ,6946620 ,7142627 ,7345780 ,7556026 ,7773449 ,7998164 ,8230218 ,8469672 ,8716553 ,8971345 ,9234129 ,9504281 ,9780872 ,10063495 ,10352120 ,10647754 ,10952395 ,11268658 ,11598633 ,11942819 ,12301336 ,12675460 ,13066543 ,13475400 ,13902688 ,14347854 ,14808791 ,15282521 ,15766806 ,16260932 ,16765117 ,17279141 ,17802997 ,18336724 ,18880268 ,19433523 ,19996469 ,20569121 ,21151640 ,21743949 ,22346573 ,22961146 ,23589801 ,24234088 ,24894551 
117,Malawi,4603723 ,4728703 ,4859610 ,4996940 ,5141202 ,5292808 ,5454705 ,5627533 ,5806845 ,5986332 ,6163080 ,6327569 ,6484452 ,6661358 ,6895928 ,7211105 ,7625305 ,8120093 ,8636935 ,9094671 ,9437553 ,9641153 ,9729717 ,9755857 ,9796976 ,9909088 ,10109789 ,10381862 ,10704744 ,11044356 ,11376172 ,11695863 ,12013711 ,12336687 ,12676038 ,13039711 ,13429262 ,13840969 ,14271234 ,14714602 ,15167095 ,15627618 ,16097305 ,16577147 ,17068838 ,17573607 ,18091575 
118,Malaysia,10803978 ,11062338 ,11324251 ,11592698 ,11871233 ,12162369 ,12468893 ,12790546 ,13123069 ,13460201 ,13798125 ,14133840 ,14470633 ,14818617 ,15191625 ,15598942 ,16045047 ,16525108 ,17027588 ,17535971 ,18038321 ,18529454 ,19012724 ,19494967 ,19986894 ,20495597 ,21023321 ,21565325 ,22113464 ,22656286 ,23185608 ,23698907 ,24198811 ,24688703 ,25174109 ,25659393 ,26143566 ,26625845 ,27111069 ,27605383 ,28112289 ,28635128 ,29170456 ,29706724 ,30228017 ,30723155 ,31187265 
119,Maldives,115768 ,119378 ,123441 ,127791 ,132195 ,136519 ,140665 ,144736 ,148892 ,153386 ,158385 ,163935 ,169960 ,176356 ,182953 ,189637 ,196357 ,203124 ,209885 ,216595 ,223215 ,229754 ,236190 ,242459 ,248433 ,254082 ,259327 ,264275 ,269206 ,274484 ,280384 ,287027 ,294341 ,302209 ,310423 ,318836 ,327371 ,336070 ,345054 ,354501 ,364511 ,375131 ,386203 ,397397 ,408247 ,418403 ,427756 
120,Mali,5949045 ,6044530 ,6147458 ,6256187 ,6368348 ,6482278 ,6596773 ,6712401 ,6831295 ,6956579 ,7090126 ,7234303 ,7387656 ,7543743 ,7693667 ,7831889 ,7955164 ,8067758 ,8180728 ,8309531 ,8465188 ,8652514 ,8868263 ,9105472 ,9353385 ,9604450 ,9856810 ,10114094 ,10380835 ,10663723 ,10967690 ,11293258 ,11638929 ,12005128 ,12391906 ,12798763 ,13227064 ,13675606 ,14138216 ,14606597 ,15075085 ,15540989 ,16006670 ,16477818 ,16962846 ,17467905 ,17994837 
121,Malta,320086 ,320078 ,320317 ,320854 ,321683 ,322821 ,324279 ,326079 ,328201 ,330611 ,333274 ,336193 ,339342 ,342628 ,345948 ,349196 ,352336 ,355387 ,358378 ,361381 ,364431 ,367528 ,370642 ,373784 ,377006 ,380305 ,383710 ,387184 ,390605 ,393805 ,396668 ,399155 ,401303 ,403211 ,405007 ,406787 ,408563 ,410324 ,412128 ,414045 ,416110 ,418367 ,420789 ,423246 ,425570 ,427616 ,429362 
122,Marshall Islands,20395 ,21313 ,22341 ,23439 ,24531 ,25576 ,26552 ,27470 ,28405 ,29418 ,30576 ,31893 ,33330 ,34892 ,36561 ,38333 ,40204 ,42153 ,44063 ,45814 ,47298 ,48475 ,49378 ,50048 ,50575 ,51015 ,51401 ,51692 ,51925 ,52079 ,52159 ,52183 ,52158 ,52116 ,52074 ,52055 ,52078 ,52137 ,52218 ,52320 ,52425 ,52542 ,52663 ,52793 ,52898 ,52994 ,53066 
123,Mauritania,1148908 ,1182954 ,1217941 ,1253874 ,1290790 ,1328686 ,1367563 ,1407436 ,1448414 ,1490603 ,1534085 ,1578938 ,1625124 ,1672496 ,1720812 ,1769942 ,1819954 ,1870978 ,1923002 ,1976030 ,2030140 ,2085202 ,2141445 ,2199791 ,2261403 ,2327075 ,2397245 ,2471598 ,2549223 ,2628803 ,2709359 ,2790729 ,2873228 ,2957117 ,3042823 ,3130720 ,3220653 ,3312665 ,3407541 ,3506288 ,3609543 ,3717672 ,3830239 ,3946170 ,4063920 ,4182341 ,4301018 
124,Mauritius,826441 ,839598 ,852400 ,865169 ,878355 ,892211 ,906929 ,922320 ,937821 ,952588 ,966031 ,978069 ,988892 ,998631 ,1007501 ,1015762 ,1023279 ,1030178 ,1037260 ,1045592 ,1055868 ,1068439 ,1082956 ,1098592 ,1114137 ,1128673 ,1141948 ,1154140 ,1165283 ,1175574 ,1185145 ,1193917 ,1201812 ,1208994 ,1215677 ,1222003 ,1228098 ,1233911 ,1239293 ,1244024 ,1247955 ,1251023 ,1253371 ,1255290 ,1257219 ,1259456 ,1262132 
125,Mexico,52029861 ,53718724 ,55478151 ,57280587 ,59088193 ,60872399 ,62623763 ,64345884 ,66039488 ,67709689 ,69360871 ,70992195 ,72602533 ,74196548 ,75780605 ,77360707 ,78934125 ,80503052 ,82083919 ,83697891 ,85357874 ,87071512 ,88828310 ,90600453 ,92349147 ,94045579 ,95687452 ,97281739 ,98821456 ,100300579 ,101719673 ,103067068 ,104355608 ,105640453 ,106995583 ,108472228 ,110092378 ,111836346 ,113661809 ,115505228 ,117318941 ,119090017 ,120828307 ,122535969 ,124221600 ,125890949 ,127540423 
126,Federated States of Micronesia,61431 ,62108 ,62298 ,62290 ,62476 ,63144 ,64386 ,66105 ,68222 ,70550 ,72964 ,75462 ,78059 ,80678 ,83240 ,85686 ,87948 ,90020 ,92021 ,94091 ,96331 ,98799 ,101413 ,103934 ,106057 ,107556 ,108344 ,108502 ,108238 ,107816 ,107432 ,107165 ,106983 ,106816 ,106577 ,106196 ,105684 ,105078 ,104478 ,103960 ,103616 ,103468 ,103503 ,103702 ,104015 ,104433 ,104937 
127,Monaco,23484 ,23720 ,24051 ,24439 ,24835 ,25197 ,25523 ,25809 ,26087 ,26395 ,26745 ,27164 ,27624 ,28095 ,28512 ,28835 ,29041 ,29172 ,29235 ,29312 ,29439 ,29624 ,29863 ,30138 ,30427 ,30691 ,30967 ,31251 ,31523 ,31800 ,32082 ,32360 ,32629 ,32933 ,33314 ,33793 ,34408 ,35111 ,35853 ,36534 ,37094 ,37497 ,37783 ,37971 ,38132 ,38307 ,38499 
128,Mongolia,1278825 ,1317050 ,1356670 ,1397304 ,1438425 ,1479651 ,1520865 ,1562209 ,1603906 ,1646291 ,1689622 ,1733475 ,1777727 ,1823216 ,1871090 ,1921881 ,1976309 ,2033343 ,2089714 ,2141008 ,2184145 ,2217918 ,2243502 ,2263200 ,2280496 ,2298039 ,2316567 ,2335695 ,2355590 ,2376162 ,2397436 ,2419776 ,2443659 ,2469286 ,2496832 ,2526446 ,2558012 ,2591670 ,2628131 ,2668289 ,2712650 ,2761516 ,2814226 ,2869107 ,2923896 ,2976877 ,3027398 
129,Montenegro,519696 ,522786 ,529210 ,537758 ,546574 ,554262 ,560423 ,565507 ,570056 ,574950 ,580754 ,587687 ,595354 ,602967 ,609431 ,614016 ,616357 ,616797 ,616053 ,615203 ,615002 ,615741 ,617172 ,618852 ,620084 ,620414 ,619707 ,618216 ,616340 ,614650 ,613560 ,613175 ,613382 ,614097 ,615145 ,616388 ,617832 ,619484 ,621205 ,622852 ,624285 ,625466 ,626386 ,627094 ,627674 ,628178 ,628615 
130,Montserrat,11625 ,11636 ,11660 ,11687 ,11734 ,11781 ,11827 ,11881 ,11921 ,11944 ,11920 ,11846 ,11749 ,11610 ,11461 ,11324 ,11179 ,11028 ,10888 ,10785 ,10730 ,10766 ,10851 ,10886 ,10717 ,10233 ,9376 ,8216 ,6936 ,5787 ,4955 ,4505 ,4376 ,4471 ,4644 ,4778 ,4846 ,4889 ,4908 ,4923 ,4944 ,4994 ,5031 ,5068 ,5098 ,5124 ,5152 
131,Morocco,16000008 ,16347198 ,16695003 ,17049165 ,17416964 ,17803698 ,18210754 ,18636977 ,19081718 ,19543347 ,20019847 ,20511601 ,21016818 ,21528502 ,22037610 ,22537376 ,23023935 ,23497766 ,23961820 ,24421191 ,24879136 ,25336862 ,25791494 ,26237417 ,26667048 ,27075232 ,27460603 ,27825901 ,28175263 ,28514798 ,28849621 ,29181832 ,29512368 ,29843937 ,30179285 ,30521070 ,30869346 ,31225881 ,31596855 ,31989897 ,32409639 ,32858823 ,33333789 ,33824769 ,34318082 ,34803322 ,35276786 
132,Mozambique,9161534 ,9375144 ,9595762 ,9827580 ,10076172 ,10344494 ,10632932 ,10936936 ,11248046 ,11554979 ,11848331 ,12133074 ,12409243 ,12657708 ,12853780 ,12984405 ,13034385 ,13020861 ,13002553 ,13059613 ,13247649 ,13591970 ,14071231 ,14636995 ,15217044 ,15759132 ,16248232 ,16701351 ,17136780 ,17584869 ,18067687 ,18588758 ,19139658 ,19716598 ,20312705 ,20923070 ,21547463 ,22188387 ,22846758 ,23524063 ,24221405 ,24939005 ,25676606 ,26434372 ,27212382 ,28010691 ,28829476 
133,Myanmar,26381431 ,27024985 ,27680144 ,28347341 ,29027734 ,29721967 ,30428034 ,31144324 ,31872230 ,32613888 ,33369712 ,34139130 ,34917895 ,35697943 ,36468888 ,37222296 ,37957332 ,38673241 ,39362142 ,40014862 ,40626250 ,41190156 ,41711465 ,42209778 ,42712223 ,43237792 ,43793310 ,44371525 ,44959935 ,45539435 ,46095462 ,46627994 ,47140220 ,47624894 ,48073707 ,48482614 ,48846474 ,49171586 ,49479752 ,49800690 ,50155896 ,50553031 ,50986514 ,51448196 ,51924182 ,52403669 ,52885223 
134,Namibia,780384 ,804157 ,829441 ,855380 ,880785 ,904839 ,927503 ,949193 ,970258 ,991226 ,1012672 ,1034264 ,1056366 ,1081081 ,1111132 ,1148302 ,1193592 ,1245990 ,1302741 ,1359933 ,1414692 ,1465740 ,1513721 ,1559983 ,1606718 ,1655359 ,1706489 ,1758994 ,1810566 ,1858042 ,1899257 ,1933596 ,1962147 ,1986535 ,2009228 ,2032196 ,2055734 ,2079915 ,2106375 ,2137040 ,2173170 ,2215621 ,2263934 ,2316520 ,2370992 ,2425561 ,2479713 
135,Nauru,6496 ,6617 ,6743 ,6863 ,6972 ,7068 ,7150 ,7232 ,7309 ,7397 ,7488 ,7592 ,7717 ,7854 ,8005 ,8173 ,8353 ,8554 ,8755 ,8954 ,9155 ,9348 ,9546 ,9719 ,9857 ,9969 ,10029 ,10057 ,10046 ,10040 ,10037 ,10052 ,10080 ,10106 ,10126 ,10114 ,10071 ,10002 ,9947 ,9945 ,10025 ,10208 ,10478 ,10790 ,11070 ,11260 ,11347 
136,Nepal,11997929 ,12243768 ,12499429 ,12764957 ,13040404 ,13325814 ,13621110 ,13926260 ,14241403 ,14566691 ,14902163 ,15249010 ,15607236 ,15974420 ,16347242 ,16723956 ,17101136 ,17480921 ,17873667 ,18293514 ,18749406 ,19245054 ,19773772 ,20321175 ,20867130 ,21396384 ,21903379 ,22389803 ,22856305 ,23305994 ,23740911 ,24161777 ,24566342 ,24950623 ,25309449 ,25640287 ,25940618 ,26214847 ,26475859 ,26741103 ,27023137 ,27327147 ,27649925 ,27985310 ,28323241 ,28656282 ,28982771 
137,Netherlands,13001943 ,13147932 ,13291873 ,13431182 ,13562438 ,13683291 ,13793110 ,13892917 ,13984060 ,14068593 ,14148415 ,14223763 ,14295217 ,14365385 ,14437506 ,14513949 ,14595755 ,14682649 ,14774038 ,14868655 ,14965448 ,15064519 ,15165862 ,15268006 ,15369120 ,15467851 ,15563255 ,15655475 ,15745647 ,15835523 ,15926188 ,16018114 ,16110355 ,16200951 ,16287182 ,16367158 ,16440222 ,16507056 ,16568734 ,16626926 ,16682917 ,16737002 ,16789095 ,16839699 ,16889356 ,16938499 ,16987330 
138,New Caledonia,105324 ,109830 ,114984 ,120432 ,125642 ,130264 ,134171 ,137467 ,140265 ,142760 ,145144 ,147415 ,149560 ,151655 ,153770 ,155982 ,158313 ,160788 ,163484 ,166465 ,169787 ,173488 ,177525 ,181825 ,186264 ,190732 ,195216 ,199715 ,204180 ,208582 ,212871 ,217040 ,221088 ,225026 ,228883 ,232686 ,236435 ,240129 ,243786 ,247413 ,251037 ,254657 ,258275 ,261889 ,265497 ,269091 ,272677 
139,New Zealand,2818387 ,2870822 ,2929686 ,2989409 ,3042177 ,3082633 ,3108570 ,3122406 ,3128956 ,3135297 ,3146619 ,3164828 ,3188539 ,3215729 ,3243036 ,3268236 ,3290304 ,3310743 ,3332792 ,3360957 ,3398172 ,3446170 ,3503181 ,3564464 ,3623279 ,3674936 ,3717349 ,3752362 ,3783974 ,3818131 ,3858999 ,3907933 ,3963206 ,4022069 ,4080438 ,4135355 ,4185917 ,4233151 ,4278325 ,4323482 ,4370062 ,4418365 ,4467743 ,4517527 ,4566700 ,4614532 ,4660833 
140,Nicaragua,2398096 ,2472656 ,2549774 ,2629505 ,2711848 ,2796746 ,2884155 ,2973806 ,3065117 ,3157355 ,3249910 ,3342669 ,3435525 ,3527939 ,3619253 ,3709091 ,3796917 ,3882943 ,3968454 ,4055265 ,4144565 ,4236801 ,4331277 ,4426580 ,4520725 ,4612228 ,4700779 ,4786640 ,4869626 ,4949660 ,5026796 ,5100750 ,5171734 ,5240879 ,5309703 ,5379328 ,5450211 ,5522106 ,5594506 ,5666581 ,5737723 ,5807820 ,5877108 ,5945747 ,6013997 ,6082035 ,6149928 
141,Niger,4510479 ,4637829 ,4768078 ,4902006 ,5040656 ,5184811 ,5334918 ,5490921 ,5652355 ,5818506 ,5988904 ,6164006 ,6344382 ,6529894 ,6720344 ,6915927 ,7116744 ,7323969 ,7540253 ,7768995 ,8012861 ,8272976 ,8549424 ,8842415 ,9151763 ,9477333 ,9819964 ,10180061 ,10556549 ,10947829 ,11352973 ,11771976 ,12206002 ,12656870 ,13127012 ,13618449 ,14132064 ,14668338 ,15228525 ,15813913 ,16425578 ,17064636 ,17731634 ,18426372 ,19148219 ,19896965 ,20672987 
142,Nigeria,55981400 ,57295210 ,58662603 ,60110433 ,61673559 ,63373572 ,65226229 ,67215805 ,69293550 ,71391290 ,73460724 ,75482552 ,77472907 ,79462277 ,81497739 ,83613300 ,85818502 ,88101628 ,90450281 ,92844353 ,95269988 ,97726323 ,100221563 ,102761737 ,105355783 ,108011465 ,110732904 ,113522705 ,116385750 ,119327073 ,122352009 ,125463434 ,128666710 ,131972533 ,135393616 ,138939478 ,142614094 ,146417024 ,150347390 ,154402181 ,158578261 ,162877076 ,167297284 ,171829303 ,176460502 ,181181744 ,185989640 
143,Norway,3876060 ,3905269 ,3933725 ,3960802 ,3985741 ,4008031 ,4027475 ,4044330 ,4059183 ,4072868 ,4086076 ,4098973 ,4111657 ,4124585 ,4138268 ,4153105 ,4169322 ,4186968 ,4205966 ,4226122 ,4247285 ,4269471 ,4292683 ,4316788 ,4341615 ,4366995 ,4393209 ,4420262 ,4447486 ,4474004 ,4499367 ,4523145 ,4546019 ,4570106 ,4598214 ,4632364 ,4673070 ,4719648 ,4771409 ,4827180 ,4885878 ,4947595 ,5012007 ,5077101 ,5140311 ,5199836 ,5254694 
144,Oman,723852 ,748973 ,776383 ,806991 ,841948 ,882044 ,927439 ,977808 ,1032800 ,1091853 ,1154379 ,1220587 ,1290111 ,1361097 ,1431077 ,1498417 ,1561185 ,1619864 ,1678116 ,1741160 ,1812160 ,1893771 ,1983277 ,2072111 ,2148428 ,2204283 ,2236666 ,2249773 ,2251875 ,2254918 ,2267991 ,2294787 ,2334285 ,2385255 ,2444751 ,2511269 ,2582991 ,2662762 ,2759014 ,2882942 ,3041460 ,3237268 ,3464644 ,3711481 ,3960925 ,4199810 ,4424762 
145,Pakistan,58090759 ,59687140 ,61338261 ,63059481 ,64870833 ,66787901 ,68813220 ,70946231 ,73194937 ,75567682 ,78068144 ,80696945 ,83445863 ,86297640 ,89228949 ,92219488 ,95264460 ,98357473 ,101474835 ,104588490 ,107678614 ,110730420 ,113747135 ,116749560 ,119769556 ,122829148 ,125938339 ,129086987 ,132253264 ,135405584 ,138523285 ,141601437 ,144654143 ,147703401 ,150780300 ,153909667 ,157093993 ,160332974 ,163644603 ,167049580 ,170560182 ,174184265 ,177911533 ,181712595 ,185546257 ,189380513 ,193203476 
146,Palau,11480 ,11654 ,11852 ,12046 ,12197 ,12278 ,12285 ,12225 ,12153 ,12124 ,12194 ,12387 ,12663 ,13012 ,13372 ,13696 ,13985 ,14240 ,14490 ,14757 ,15088 ,15474 ,15894 ,16342 ,16806 ,17253 ,17691 ,18123 ,18524 ,18879 ,19175 ,19404 ,19574 ,19700 ,19804 ,19906 ,20012 ,20116 ,20228 ,20342 ,20470 ,20599 ,20758 ,20920 ,21094 ,21288 ,21503 
147,Panama,1519299 ,1563115 ,1607834 ,1653256 ,1699113 ,1745205 ,1791453 ,1837890 ,1884515 ,1931389 ,1978578 ,2026065 ,2073844 ,2121939 ,2170409 ,2219276 ,2268574 ,2318332 ,2368618 ,2419491 ,2471009 ,2523181 ,2576018 ,2629644 ,2684183 ,2739730 ,2796344 ,2853941 ,2912328 ,2971197 ,3030347 ,3089684 ,3149265 ,3209174 ,3269541 ,3330465 ,3391905 ,3453807 ,3516268 ,3579385 ,3643222 ,3707782 ,3772938 ,3838462 ,3903986 ,3969249 ,4034119 
148,Papua New Guinea,2527586 ,2592628 ,2659851 ,2729580 ,2802243 ,2878156 ,2957339 ,3039660 ,3125034 ,3213360 ,3304473 ,3398469 ,3495199 ,3594004 ,3694041 ,3794720 ,3895852 ,3997702 ,4100729 ,4205654 ,4313059 ,4423007 ,4535520 ,4651169 ,4770606 ,4894276 ,5022437 ,5154910 ,5291178 ,5430479 ,5572222 ,5716152 ,5862316 ,6010724 ,6161517 ,6314709 ,6470272 ,6627922 ,6787187 ,6947447 ,7108239 ,7269348 ,7430836 ,7592865 ,7755785 ,7919825 ,8084991 
149,Paraguay,2474106 ,2535359 ,2596739 ,2659088 ,2723523 ,2790962 ,2861581 ,2935375 ,3012829 ,3094482 ,3180630 ,3271456 ,3366719 ,3465793 ,3567752 ,3671826 ,3777763 ,3885436 ,3994331 ,4103911 ,4213742 ,4323410 ,4432736 ,4541902 ,4651225 ,4760850 ,4870694 ,4980344 ,5089310 ,5196937 ,5302700 ,5406624 ,5508611 ,5607950 ,5703740 ,5795494 ,5882796 ,5966159 ,6047117 ,6127837 ,6209877 ,6293783 ,6379219 ,6465740 ,6552584 ,6639119 ,6725308 
150,Peru,13341069 ,13704335 ,14072476 ,14447648 ,14832841 ,15229947 ,15639901 ,16061323 ,16491083 ,16924753 ,17359120 ,17792549 ,18225730 ,18660439 ,19099584 ,19544956 ,19996253 ,20451710 ,20909895 ,21368859 ,21826658 ,22283128 ,22737056 ,23184228 ,23619356 ,24038760 ,24441074 ,24827406 ,25199748 ,25561299 ,25914879 ,26261363 ,26601467 ,26937738 ,27273194 ,27610410 ,27949944 ,28292724 ,28641980 ,29001507 ,29373646 ,29759989 ,30158966 ,30565716 ,30973354 ,31376671 ,31773839 
151,Philippines,35804729 ,36851055 ,37925400 ,39026082 ,40149961 ,41295124 ,42461193 ,43650333 ,44866273 ,46113995 ,47396968 ,48715592 ,50068493 ,51455033 ,52873974 ,54323648 ,55804072 ,57313311 ,58845205 ,60391867 ,61947348 ,63508459 ,65075486 ,66650247 ,68236230 ,69835715 ,71446107 ,73064764 ,74693695 ,76335812 ,77991569 ,79665315 ,81352060 ,83031954 ,84678493 ,86274237 ,87809419 ,89293490 ,90751864 ,92220879 ,93726624 ,95277940 ,96866642 ,98481032 ,100102249 ,101716359 ,103320222 
152,Poland,32635557 ,32886596 ,33143187 ,33407619 ,33681720 ,33966572 ,34261866 ,34566894 ,34881380 ,35204730 ,35535108 ,35873731 ,36216709 ,36550846 ,36858895 ,37128717 ,37354265 ,37538975 ,37691897 ,37827018 ,37954553 ,38077213 ,38191777 ,38295474 ,38383516 ,38452632 ,38503607 ,38538730 ,38558054 ,38561694 ,38550495 ,38524005 ,38484472 ,38438826 ,38396066 ,38362666 ,38341036 ,38329585 ,38325689 ,38324870 ,38323402 ,38320947 ,38317404 ,38309451 ,38293060 ,38265226 ,38224410 
153,Portugal,8701855 ,8750506 ,8839796 ,8958962 ,9091400 ,9224059 ,9354494 ,9483629 ,9605593 ,9714160 ,9804851 ,9875257 ,9925729 ,9958417 ,9977168 ,9985575 ,9983221 ,9971233 ,9956672 ,9948574 ,9953327 ,9974195 ,10009576 ,10054996 ,10103443 ,10149735 ,10192394 ,10232884 ,10272286 ,10312611 ,10355117 ,10399312 ,10443668 ,10487113 ,10528268 ,10565723 ,10599951 ,10630120 ,10652099 ,10660616 ,10652321 ,10625330 ,10581821 ,10527674 ,10471168 ,10418473 ,10371627 
154,Puerto Rico,2709841 ,2745971 ,2787348 ,2833134 ,2881750 ,2931886 ,2983584 ,3036746 ,3089760 ,3140564 ,3187671 ,3230470 ,3269253 ,3304682 ,3337859 ,3369679 ,3400020 ,3428826 ,3457213 ,3486630 ,3517975 ,3551587 ,3586880 ,3622706 ,3657412 ,3689641 ,3719324 ,3746359 ,3769336 ,3786575 ,3796977 ,3799907 ,3796028 ,3787268 ,3776359 ,3765399 ,3755113 ,3745258 ,3735788 ,3726331 ,3716693 ,3706984 ,3697576 ,3688723 ,3680715 ,3673728 ,3667903 
155,Qatar,109514 ,119424 ,130534 ,142241 ,153704 ,164413 ,173836 ,182443 ,192093 ,205313 ,223775 ,248144 ,277396 ,309479 ,341455 ,371081 ,397932 ,422341 ,443794 ,461870 ,476445 ,487491 ,495517 ,501566 ,507095 ,513455 ,522304 ,534608 ,550430 ,569447 ,592267 ,616886 ,645659 ,688586 ,758855 ,864863 ,1010382 ,1189633 ,1389342 ,1590780 ,1779676 ,1952054 ,2109568 ,2250473 ,2374419 ,2481539 ,2569804 
156,South Korea,32209314 ,32863704 ,33518385 ,34164544 ,34789935 ,35386507 ,35948932 ,36481585 ,36997800 ,37516487 ,38050424 ,38606821 ,39179545 ,39752024 ,40300401 ,40808569 ,41269319 ,41690833 ,42091026 ,42495728 ,42923131 ,43378101 ,43853448 ,44340558 ,44825885 ,45298611 ,45757361 ,46202604 ,46627442 ,47023880 ,47386312 ,47712788 ,48004786 ,48265026 ,48498083 ,48708497 ,48895845 ,49062429 ,49218985 ,49379208 ,49552855 ,49744659 ,49952244 ,50169242 ,50385560 ,50593662 ,50791919 
157,Moldova,3594518 ,3645518 ,3697152 ,3747927 ,3795653 ,3838910 ,3876947 ,3910644 ,3942140 ,3974506 ,4009838 ,4048617 ,4089856 ,4132446 ,4174624 ,4214916 ,4253165 ,4289100 ,4320929 ,4346453 ,4364116 ,4373578 ,4375313 ,4369649 ,4357283 ,4339082 ,4314700 ,4284931 ,4253284 ,4224273 ,4201089 ,4185505 ,4176616 ,4171646 ,4166337 ,4157699 ,4144730 ,4128649 ,4111440 ,4096040 ,4084481 ,4077368 ,4073703 ,4071964 ,4069939 ,4065980 ,4059608 
158,Romania,20548911 ,20783748 ,21011704 ,21233466 ,21451125 ,21665643 ,21877402 ,22083774 ,22279304 ,22456945 ,22611971 ,22739817 ,22842317 ,22928925 ,23013161 ,23103646 ,23205286 ,23312071 ,23408422 ,23472581 ,23489373 ,23454213 ,23373358 ,23255995 ,23116175 ,22965111 ,22804165 ,22632805 ,22458077 ,22288057 ,22128128 ,21984135 ,21854676 ,21728919 ,21591164 ,21431018 ,21243922 ,21036111 ,20821084 ,20617955 ,20440347 ,20292967 ,20171255 ,20068201 ,19972736 ,19876621 ,19778083 
159,Russia,130123431 ,130805201 ,131514099 ,132250780 ,133008905 ,133784384 ,134580091 ,135402802 ,136255397 ,137140562 ,138058710 ,139002314 ,139964753 ,140946861 ,141950629 ,142971168 ,144011513 ,145051663 ,146035578 ,146890544 ,147564066 ,148035898 ,148318025 ,148431373 ,148411855 ,148288839 ,148073924 ,147768371 ,147381001 ,146919737 ,146396514 ,145814864 ,145194882 ,144584695 ,144044607 ,143618185 ,143322933 ,143150142 ,143083187 ,143092765 ,143153869 ,143263988 ,143420597 ,143597230 ,143761378 ,143888004 ,143964513 
160,Rwanda,3754541 ,3868337 ,3983700 ,4102321 ,4226799 ,4359092 ,4499509 ,4647615 ,4803725 ,4968074 ,5140716 ,5315032 ,5489322 ,5673614 ,5881906 ,6120107 ,6407672 ,6732131 ,7030179 ,7216028 ,7235798 ,7051759 ,6701851 ,6299909 ,6005095 ,5928078 ,6115168 ,6522382 ,7059813 ,7593239 ,8025703 ,8329406 ,8536205 ,8680346 ,8818438 ,8991735 ,9206580 ,9447402 ,9708169 ,9977446 ,10246842 ,10516071 ,10788853 ,11065151 ,11345357 ,11629553 ,11917508 
161,Saint Kitts and Nevis,44885 ,44495 ,44326 ,44316 ,44331 ,44276 ,44148 ,43942 ,43703 ,43457 ,43210 ,42976 ,42762 ,42542 ,42294 ,42013 ,41697 ,41351 ,41047 ,40852 ,40834 ,41013 ,41361 ,41846 ,42373 ,42891 ,43373 ,43846 ,44317 ,44824 ,45374 ,45990 ,46641 ,47306 ,47971 ,48611 ,49210 ,49783 ,50332 ,50886 ,51445 ,52006 ,52591 ,53169 ,53739 ,54288 ,54821 
162,Saint Lucia,104160 ,105390 ,106455 ,107466 ,108532 ,109769 ,111208 ,112831 ,114546 ,116290 ,117987 ,119594 ,121154 ,122740 ,124468 ,126418 ,128619 ,131034 ,133533 ,135956 ,138185 ,140156 ,141925 ,143565 ,145247 ,147044 ,149004 ,151086 ,153183 ,155172 ,156949 ,158464 ,159763 ,160973 ,162251 ,163714 ,165407 ,167288 ,169220 ,171022 ,172580 ,173832 ,174835 ,175660 ,176421 ,177206 ,178015 
163,Samoa,143176 ,145439 ,147321 ,148889 ,150221 ,151387 ,152390 ,153247 ,154007 ,154760 ,155557 ,156428 ,157403 ,158384 ,159283 ,160031 ,160592 ,161015 ,161421 ,161998 ,162866 ,164076 ,165570 ,167207 ,168788 ,170157 ,171283 ,172198 ,172981 ,173755 ,174610 ,175566 ,176582 ,177662 ,178781 ,179929 ,181094 ,182286 ,183526 ,184826 ,186205 ,187665 ,189194 ,190757 ,192290 ,193759 ,195125 
164,San Marino,19138 ,19303 ,19398 ,19466 ,19562 ,19735 ,19980 ,20296 ,20660 ,21030 ,21361 ,21666 ,21943 ,22210 ,22455 ,22708 ,22961 ,23210 ,23466 ,23740 ,24043 ,24386 ,24749 ,25141 ,25516 ,25877 ,26209 ,26508 ,26799 ,27096 ,27418 ,27762 ,28121 ,28494 ,28866 ,29240 ,29614 ,29977 ,30351 ,30723 ,31110 ,31504 ,31914 ,32303 ,32657 ,32960 ,33203 
165,Sao Tome and Principe,74253 ,75988 ,77537 ,79022 ,80670 ,82607 ,84885 ,87434 ,90089 ,92649 ,94949 ,96950 ,98706 ,100318 ,101915 ,103634 ,105474 ,107415 ,109470 ,111627 ,113893 ,116294 ,118816 ,121407 ,123973 ,126454 ,128821 ,131107 ,133418 ,135886 ,138606 ,141622 ,144889 ,148372 ,151969 ,155630 ,159328 ,163101 ,166913 ,170813 ,174776 ,178800 ,182889 ,187045 ,191266 ,195553 ,199910 
166,Saudi Arabia,5836389 ,6100994 ,6393894 ,6714095 ,7059334 ,7428703 ,7818613 ,8231604 ,8679840 ,9179621 ,9740599 ,10366661 ,11048080 ,11763837 ,12484967 ,13189115 ,13869012 ,14525660 ,15155223 ,15755944 ,16326815 ,16867829 ,17378833 ,17859750 ,18311090 ,18735841 ,19131578 ,19505576 ,19882458 ,20294406 ,20764312 ,21303592 ,21906308 ,22556425 ,23228890 ,23905654 ,24578301 ,25252569 ,25940770 ,26661492 ,27425676 ,28238020 ,29086357 ,29944476 ,30776722 ,31557144 ,32275687 
167,Senegal,4257505 ,4388458 ,4525114 ,4664444 ,4802348 ,4936209 ,5064674 ,5189539 ,5315265 ,5448110 ,5592646 ,5750338 ,5920059 ,6100495 ,6289327 ,6484738 ,6686159 ,6893896 ,7107976 ,7328600 ,7555617 ,7789653 ,8029725 ,8272170 ,8512173 ,8746606 ,8974077 ,9196528 ,9418393 ,9645957 ,9884052 ,10134497 ,10396861 ,10670990 ,10955944 ,11251266 ,11556763 ,11873557 ,12203957 ,12550917 ,12916229 ,13300910 ,13703513 ,14120320 ,14546111 ,14976994 ,15411614 
168,Serbia,8119860 ,8187991 ,8260625 ,8337076 ,8416250 ,8497170 ,8579630 ,8663325 ,8746980 ,8829036 ,8908293 ,8984594 ,9057978 ,9127677 ,9192920 ,9253405 ,9306347 ,9352150 ,9397313 ,9450770 ,9517674 ,9602941 ,9701331 ,9795554 ,9861877 ,9884147 ,9855506 ,9783393 ,9683612 ,7540401 ,7516346 ,7503433 ,7500031 ,7480591 ,7463157 ,7440769 ,7411569 ,7381579 ,7350222 ,7320807 ,7291436 ,7236519 ,7201497 ,7166552 ,7131787 ,7095383 ,7058322 
169,Seychelles,52365 ,53707 ,55127 ,56606 ,58097 ,59590 ,61061 ,62500 ,63878 ,65153 ,66294 ,67298 ,68168 ,68909 ,69459 ,69836 ,70004 ,70014 ,69990 ,70144 ,70624 ,71500 ,72712 ,74114 ,75491 ,76703 ,77675 ,78459 ,79188 ,80051 ,81151 ,82567 ,84203 ,85910 ,87484 ,88744 ,89659 ,90281 ,90686 ,91034 ,91405 ,91834 ,92285 ,92765 ,93254 ,93742 ,94228 
170,Sierra Leone,2692259 ,2745779 ,2803031 ,2863739 ,2927468 ,2993876 ,3062956 ,3134800 ,3209263 ,3286179 ,3365441 ,3445277 ,3525399 ,3608751 ,3699467 ,3799550 ,3912438 ,4034668 ,4152984 ,4249468 ,4312246 ,4337239 ,4331332 ,4307299 ,4283621 ,4274819 ,4282350 ,4305455 ,4353646 ,4437803 ,4564297 ,4739147 ,4957216 ,5199549 ,5439695 ,5658379 ,5848692 ,6015417 ,6165372 ,6310260 ,6458720 ,6611692 ,6766103 ,6922079 ,7079162 ,7237025 ,7396190 
171,Singapore,2072290 ,2110975 ,2150524 ,2189635 ,2226404 ,2259748 ,2288888 ,2315015 ,2341429 ,2372615 ,2411700 ,2460387 ,2517579 ,2580261 ,2643951 ,2705535 ,2763589 ,2819601 ,2876892 ,2940264 ,3012953 ,3096570 ,3189433 ,3287588 ,3385350 ,3478779 ,3566133 ,3649135 ,3731440 ,3818462 ,3913960 ,4018779 ,4131208 ,4249295 ,4370040 ,4491042 ,4611901 ,4732528 ,4851109 ,4965518 ,5074252 ,5176017 ,5270958 ,5360837 ,5448342 ,5535262 ,5622455 
172,Sint Maarten (Dutch part),6864 ,7375 ,7896 ,8428 ,8975 ,9557 ,10161 ,10797 ,11481 ,12249 ,13096 ,14019 ,15002 ,16120 ,17452 ,19028 ,20898 ,23007 ,25155 ,27060 ,28549 ,29534 ,30090 ,30339 ,30471 ,30633 ,30853 ,31110 ,31374 ,31615 ,31819 ,32000 ,32182 ,32346 ,32464 ,32531 ,32517 ,32439 ,32437 ,32632 ,33124 ,33976 ,35133 ,36439 ,37697 ,38750 ,39537 
173,Slovakia,4538841 ,4575563 ,4615831 ,4659280 ,4705110 ,4752540 ,4801741 ,4852497 ,4903202 ,4951788 ,4996731 ,5037341 ,5073890 ,5106989 ,5137685 ,5166798 ,5194306 ,5219959 ,5244036 ,5266804 ,5288454 ,5309235 ,5329033 ,5347214 ,5362896 ,5375470 ,5384788 ,5391204 ,5395254 ,5397708 ,5399211 ,5400006 ,5400154 ,5399886 ,5399419 ,5398963 ,5398541 ,5398326 ,5398856 ,5400719 ,5404294 ,5409847 ,5417070 ,5425130 ,5432841 ,5439318 ,5444218 
174,Slovenia,1669581 ,1681427 ,1694975 ,1709977 ,1725964 ,1742623 ,1759731 ,1777319 ,1795648 ,1815101 ,1835837 ,1857854 ,1880704 ,1903548 ,1925314 ,1945135 ,1962877 ,1978524 ,1991428 ,2000873 ,2006479 ,2007884 ,2005512 ,2000768 ,1995607 ,1991472 ,1988989 ,1987955 ,1987976 ,1988318 ,1988499 ,1988349 ,1988264 ,1988965 ,1991430 ,1996281 ,2003791 ,2013539 ,2024538 ,2035424 ,2045168 ,2053436 ,2060390 ,2066119 ,2070845 ,2074788 ,2077862 
175,Solomon Islands,160290 ,166212 ,172598 ,179349 ,186332 ,193445 ,200640 ,207937 ,215347 ,222897 ,230607 ,238479 ,246493 ,254596 ,262709 ,270801 ,278838 ,286863 ,294964 ,303253 ,311840 ,320753 ,329953 ,339456 ,349225 ,359225 ,369469 ,379947 ,390643 ,401538 ,412609 ,423853 ,435262 ,446769 ,458324 ,469885 ,481422 ,492940 ,504477 ,516079 ,527790 ,539614 ,551531 ,563513 ,575504 ,587482 ,599419 
176,Somalia,3444553 ,3470324 ,3475022 ,3506008 ,3627504 ,3880320 ,4289469 ,4827362 ,5417740 ,5953615 ,6359126 ,6604872 ,6716448 ,6740220 ,6747932 ,6791716 ,6887372 ,7018109 ,7165295 ,7298417 ,7397347 ,7455936 ,7488544 ,7519811 ,7583954 ,7704894 ,7892389 ,8137475 ,8422372 ,8720231 ,9011479 ,9290823 ,9564167 ,9836397 ,10116228 ,10409925 ,10718317 ,11038596 ,11369276 ,11707990 ,12053223 ,12404725 ,12763776 ,13132349 ,13513125 ,13908129 ,14317996 
177,South Africa,22839451 ,23482813 ,24148137 ,24829693 ,25519604 ,26212405 ,26904349 ,27597297 ,28298150 ,29017049 ,29760471 ,30532954 ,31330259 ,32139708 ,32943584 ,33730148 ,34490419 ,35230249 ,35970537 ,36740883 ,37560525 ,38437855 ,39360225 ,40300161 ,41218901 ,42088165 ,42898520 ,43657024 ,44372112 ,45058775 ,45728315 ,46385006 ,47026173 ,47648727 ,48247395 ,48820586 ,49364582 ,49887181 ,50412129 ,50970818 ,51584663 ,52263516 ,52998213 ,53767396 ,54539571 ,55291225 ,56015473 
178,South Sudan,3647709 ,3734418 ,3824762 ,3918922 ,4017075 ,4119438 ,4224529 ,4332287 ,4445826 ,4569423 ,4705224 ,4853927 ,5011726 ,5170558 ,5319609 ,5450424 ,5565545 ,5666078 ,5741235 ,5777498 ,5768481 ,5705378 ,5599814 ,5490915 ,5431738 ,5459519 ,5591114 ,5814006 ,6099923 ,6405864 ,6700656 ,6974442 ,7237276 ,7501642 ,7787655 ,8108877 ,8468152 ,8856800 ,9263136 ,9670667 ,10067192 ,10448857 ,10818258 ,11177490 ,11530971 ,11882136 ,12230730 
179,Spain,33980276 ,34363917 ,34760522 ,35165557 ,35572476 ,35975317 ,36373100 ,36763529 ,37137704 ,37484749 ,37796795 ,38071262 ,38309711 ,38514061 ,38688120 ,38835884 ,38958074 ,39057213 ,39141605 ,39221740 ,39306102 ,39403200 ,39515511 ,39638635 ,39764562 ,39890498 ,40009324 ,40131560 ,40292642 ,40539723 ,40903711 ,41392103 ,41985520 ,42653406 ,43351668 ,44042632 ,44725532 ,45393858 ,45997806 ,46476072 ,46788630 ,46909138 ,46857404 ,46697553 ,46521827 ,46397664 ,46347576 
180,Sri Lanka,12485756 ,12747842 ,13002275 ,13252087 ,13501986 ,13755161 ,14012817 ,14273272 ,14533376 ,14788607 ,15035856 ,15273391 ,15502515 ,15726802 ,15951422 ,16179796 ,16412711 ,16647945 ,16882189 ,17110713 ,17329713 ,17539633 ,17740637 ,17928576 ,18098348 ,18247121 ,18372120 ,18476505 ,18570701 ,18669103 ,18781938 ,18913054 ,19059300 ,19215307 ,19372538 ,19524558 ,19670151 ,19810789 ,19945832 ,20075086 ,20198353 ,20315017 ,20424555 ,20527233 ,20623564 ,20714040 ,20798492 
181,Saint Vincent and the Grenadines,90452 ,91440 ,92463 ,93517 ,94568 ,95611 ,96641 ,97649 ,98633 ,99590 ,100505 ,101379 ,102204 ,102984 ,103742 ,104477 ,105198 ,105896 ,106536 ,107084 ,107505 ,107814 ,108003 ,108092 ,108129 ,108122 ,108075 ,108004 ,107922 ,107880 ,107898 ,107988 ,108146 ,108350 ,108559 ,108744 ,108907 ,109047 ,109165 ,109253 ,109315 ,109341 ,109328 ,109320 ,109357 ,109455 ,109643 
182,Palestine,1124649 ,1144093 ,1180050 ,1226926 ,1276127 ,1321421 ,1361346 ,1398017 ,1433100 ,1469436 ,1509183 ,1552787 ,1599645 ,1649698 ,1702656 ,1758477 ,1817036 ,1878940 ,1945678 ,2019227 ,2100883 ,2190399 ,2286985 ,2390599 ,2501078 ,2617702 ,2741578 ,2871147 ,2999862 ,3119076 ,3223009 ,3308750 ,3379049 ,3440799 ,3504041 ,3576170 ,3659363 ,3751866 ,3852310 ,3957984 ,4066829 ,4178875 ,4294960 ,4414644 ,4537425 ,4662884 ,4790705 
183,Sudan,10281700 ,10621472 ,10974622 ,11343926 ,11732958 ,12144135 ,12578407 ,13034625 ,13510421 ,14002303 ,14507468 ,15027270 ,15562194 ,16107730 ,16658054 ,17210187 ,17757169 ,18302587 ,18866319 ,19475609 ,20147590 ,20893625 ,21701476 ,22535937 ,23347885 ,24102986 ,24786190 ,25410451 ,26003542 ,26607042 ,27250535 ,27945005 ,28679565 ,29435944 ,30186341 ,30911914 ,31607064 ,32282526 ,32955496 ,33650619 ,34385963 ,35167314 ,35990192 ,36849918 ,37737913 ,38647803 ,39578828 
184,Sudan (Former),13929409 ,14355890 ,14799384 ,15262848 ,15750033 ,16263573 ,16802936 ,17366912 ,17956247 ,18571726 ,19212692 ,19881197 ,20573920 ,21278288 ,21977663 ,22660611 ,23322714 ,23968665 ,24607554 ,25253107 ,25916071 ,26599003 ,27301290 ,28026852 ,28779623 ,29562505 ,30377304 ,31224457 ,32103465 ,33012906 ,33951191 ,34919447 ,35916841 ,36937586 ,37973996 ,39020791 ,40075216 ,41139326 ,42218632 ,43321286 ,44453155 ,,,,,,
185,Suriname,371273 ,372623 ,371324 ,368344 ,365099 ,362654 ,361364 ,361043 ,361457 ,362125 ,362777 ,363325 ,364032 ,365300 ,367660 ,371470 ,376867 ,383654 ,391391 ,399492 ,407472 ,415216 ,422763 ,430039 ,437037 ,443724 ,450036 ,455954 ,461560 ,467003 ,472390 ,477740 ,483044 ,488332 ,493630 ,498946 ,504307 ,509705 ,515148 ,520619 ,526103 ,531589 ,537077 ,542540 ,547928 ,553208 ,558368 
186,Swaziland,445729 ,458605 ,472230 ,486561 ,501512 ,517024 ,533214 ,550118 ,567559 ,585344 ,603372 ,621276 ,639237 ,658320 ,679976 ,705085 ,734243 ,766707 ,800456 ,832682 ,861373 ,885623 ,906034 ,924025 ,941774 ,960792 ,981764 ,1003995 ,1026009 ,1045629 ,1061468 ,1072927 ,1080930 ,1087392 ,1095053 ,1105873 ,1120514 ,1138434 ,1158897 ,1180675 ,1202843 ,1225258 ,1248158 ,1271456 ,1295097 ,1319011 ,1343098 
187,Sweden,8054916 ,8095793 ,8127034 ,8151598 ,8173968 ,8197340 ,8223249 ,8250695 ,8277414 ,8300003 ,8316338 ,8325493 ,8329425 ,8332443 ,8340440 ,8357652 ,8384989 ,8421056 ,8464787 ,8514206 ,8567384 ,8625137 ,8686738 ,8746776 ,8798234 ,8836420 ,8859191 ,8868853 ,8870848 ,8873100 ,8881640 ,8897793 ,8920694 ,8951422 ,8990639 ,9038623 ,9096264 ,9163243 ,9236890 ,9313478 ,9390168 ,9465892 ,9540907 ,9615247 ,9689376 ,9763565 ,9837533 
188,Switzerland,6169358 ,6221635 ,6270121 ,6311478 ,6341062 ,6356185 ,6355230 ,6341181 ,6321535 ,6306539 ,6303610 ,6315881 ,6341548 ,6377095 ,6416705 ,6456224 ,6494086 ,6531889 ,6572266 ,6619155 ,6674890 ,6741069 ,6815376 ,6891600 ,6961263 ,7018525 ,7061173 ,7091765 ,7115127 ,7138464 ,7167250 ,7202685 ,7243914 ,7291893 ,7347247 ,7410308 ,7481407 ,7560358 ,7646113 ,7737161 ,7831971 ,7930421 ,8031670 ,8132674 ,8229629 ,8319769 ,8401739 
189,Syria,6350541 ,6570857 ,6800141 ,7037851 ,7283177 ,7535714 ,7794662 ,8060649 ,8336418 ,8625690 ,8930774 ,9252851 ,9590227 ,9938847 ,10293049 ,10648632 ,11004272 ,11360852 ,11719071 ,12080444 ,12446171 ,12815219 ,13187085 ,13564167 ,13949697 ,14345492 ,14755286 ,15177456 ,15602210 ,16016092 ,16410848 ,16766899 ,17087901 ,17415266 ,17806638 ,18294611 ,18914977 ,19632806 ,20325443 ,20824893 ,21018834 ,20863993 ,20420701 ,19809141 ,19203090 ,18734987 ,18430453 
190,Tajikistan,2930079 ,3020391 ,3111264 ,3203019 ,3296095 ,3390935 ,3487644 ,3586499 ,3688385 ,3794420 ,3905413 ,4020778 ,4140258 ,4265247 ,4397525 ,4537789 ,4687283 ,4843951 ,5001110 ,5149803 ,5283728 ,5400714 ,5502976 ,5594114 ,5679832 ,5764712 ,5849540 ,5934282 ,6021691 ,6114886 ,6216205 ,6327125 ,6447688 ,6576877 ,6712841 ,6854176 ,7000557 ,7152385 ,7309728 ,7472819 ,7641630 ,7815949 ,7995062 ,8177809 ,8362745 ,8548651 ,8734951 
191,Macedonia,1720800 ,1739521 ,1754956 ,1768992 ,1784398 ,1803010 ,1825552 ,1851069 ,1877688 ,1902719 ,1924197 ,1941530 ,1955243 ,1965895 ,1974415 ,1981534 ,1987538 ,1992274 ,1995513 ,1996870 ,1996228 ,1993302 ,1988659 ,1984028 ,1981703 ,1983252 ,1989443 ,1999599 ,2012057 ,2024394 ,2034819 ,2042842 ,2048928 ,2053426 ,2057047 ,2060272 ,2063145 ,2065458 ,2067378 ,2069093 ,2070739 ,2072383 ,2074036 ,2075739 ,2077495 ,2079308 ,2081206 
192,Thailand,36884913 ,37964925 ,39061994 ,40164966 ,41259536 ,42334954 ,43386841 ,44416010 ,45423436 ,46412307 ,47385323 ,48337503 ,49267560 ,50186199 ,51108082 ,52041469 ,52996467 ,53964406 ,54912334 ,55795106 ,56582821 ,57258401 ,57837878 ,58364891 ,58901666 ,59491790 ,60151472 ,60863506 ,61597283 ,62306651 ,62958021 ,63543322 ,64073164 ,64554952 ,65002231 ,65425470 ,65824164 ,66195615 ,66545760 ,66881867 ,67208808 ,67530130 ,67843979 ,68143065 ,68416772 ,68657600 ,68863514 
193,Timor-Leste,,,,,,,,,,,,,,,,,,,,,751933 ,777011 ,805435 ,833611 ,856684 ,871447 ,875916 ,871994 ,865194 ,863269 ,871607 ,892531 ,923825 ,960852 ,996698 ,1026484 ,1048621 ,1064973 ,1078110 ,1092021 ,1109591 ,1131523 ,1156760 ,1184366 ,1212814 ,1240977 ,1268671 
194,Togo,2115522 ,2185662 ,2247582 ,2303345 ,2356622 ,2410446 ,2464455 ,2518566 ,2576469 ,2642846 ,2720839 ,2812039 ,2915066 ,3026238 ,3140237 ,3252994 ,3364020 ,3474080 ,3581928 ,3686373 ,3786940 ,3882271 ,3973327 ,4064926 ,4163642 ,4274024 ,4398238 ,4534551 ,4679023 ,4825704 ,4970367 ,5111770 ,5251472 ,5391401 ,5534598 ,5683268 ,5837792 ,5997385 ,6161796 ,6330472 ,6502952 ,6679282 ,6859482 ,7042948 ,7228915 ,7416802 ,7606374 
195,Tonga,84369 ,85518 ,86347 ,86988 ,87609 ,88348 ,89254 ,90295 ,91364 ,92300 ,93007 ,93453 ,93681 ,93774 ,93842 ,93953 ,94145 ,94384 ,94667 ,94929 ,95153 ,95333 ,95496 ,95644 ,95833 ,96076 ,96369 ,96725 ,97135 ,97591 ,98082 ,98611 ,99184 ,99789 ,100406 ,101041 ,101689 ,102357 ,103005 ,103604 ,104137 ,104577 ,104951 ,105328 ,105782 ,106364 ,107122 
196,Trinidad and Tobago,945993 ,956366 ,968741 ,982592 ,997053 ,1011490 ,1025658 ,1039761 ,1054116 ,1069202 ,1085308 ,1102556 ,1120611 ,1138676 ,1155695 ,1170928 ,1184051 ,1195247 ,1204893 ,1213624 ,1221900 ,1229907 ,1237487 ,1244407 ,1250318 ,1255001 ,1258364 ,1260678 ,1262542 ,1264775 ,1267984 ,1272380 ,1277837 ,1284052 ,1290535 ,1296934 ,1303144 ,1309260 ,1315372 ,1321618 ,1328100 ,1334788 ,1341588 ,1348248 ,1354493 ,1360092 ,1364962 
197,Tunisia,5060397 ,5172691 ,5287543 ,5405355 ,5526764 ,5652476 ,5781796 ,5915006 ,6054911 ,6205212 ,6368167 ,6545024 ,6733961 ,6930387 ,7127941 ,7321876 ,7509756 ,7692254 ,7871459 ,8050932 ,8232797 ,8417684 ,8603225 ,8784888 ,8956596 ,9113975 ,9256037 ,9384152 ,9499395 ,9603742 ,9699197 ,9785701 ,9864326 ,9939678 ,10017601 ,10102482 ,10196136 ,10298087 ,10407336 ,10521834 ,10639931 ,10761467 ,10886668 ,11014558 ,11143908 ,11273661 ,11403248 
198,Turkey,34876267 ,35720568 ,36587225 ,37472298 ,38370241 ,39277211 ,40189511 ,41108248 ,42039935 ,42993991 ,43975921 ,44988356 ,46025357 ,47073422 ,48114105 ,49133883 ,50128489 ,51100878 ,52053704 ,52992429 ,53921699 ,54840531 ,55748875 ,56653729 ,57564132 ,58486381 ,59423208 ,60372499 ,61329590 ,62287326 ,63240121 ,64191474 ,65143054 ,66085803 ,67007855 ,67903406 ,68763405 ,69597281 ,70440032 ,71339185 ,72326914 ,73409455 ,74569867 ,75787333 ,77030628 ,78271472 ,79512426 
199,Turkmenistan,2195173 ,2258964 ,2324013 ,2390213 ,2457382 ,2525361 ,2594311 ,2664257 ,2734896 ,2805818 ,2876808 ,2947779 ,3019066 ,3091511 ,3166221 ,3244018 ,3324456 ,3407319 ,3493894 ,3585867 ,3683966 ,3789185 ,3899843 ,4010789 ,4115099 ,4207840 ,4287344 ,4355114 ,4413477 ,4466132 ,4516131 ,4564080 ,4610002 ,4655741 ,4703398 ,4754641 ,4810105 ,4870137 ,4935762 ,5007950 ,5087210 ,5174061 ,5267839 ,5366277 ,5466241 ,5565284 ,5662544 
200,Turks and Caicos Islands,5633 ,5756 ,5922 ,6126 ,6346 ,6548 ,6723 ,6886 ,7053 ,7264 ,7519 ,7858 ,8244 ,8669 ,9095 ,9506 ,9875 ,10224 ,10582 ,11017 ,11552 ,12206 ,12968 ,13789 ,14597 ,15332 ,15966 ,16528 ,17115 ,17864 ,18873 ,20185 ,21742 ,23410 ,25028 ,26448 ,27642 ,28640 ,29481 ,30245 ,30994 ,31731 ,32431 ,33108 ,33739 ,34339 ,34900 
201,Tuvalu,7303 ,7381 ,7458 ,7537 ,7616 ,7677 ,7749 ,7816 ,7888 ,7962 ,8052 ,8154 ,8284 ,8413 ,8530 ,8650 ,8747 ,8820 ,8883 ,8947 ,9003 ,9053 ,9109 ,9156 ,9190 ,9230 ,9256 ,9277 ,9306 ,9345 ,9420 ,9512 ,9635 ,9767 ,9894 ,10027 ,10137 ,10243 ,10340 ,10441 ,10531 ,10628 ,10725 ,10819 ,10908 ,11001 ,11097 
202,Tanzania,13605529 ,14045824 ,14506617 ,14985131 ,15477294 ,15980301 ,16493305 ,17017670 ,17555494 ,18109884 ,18683157 ,19277108 ,19891548 ,20524666 ,21173603 ,21836999 ,22511243 ,23198533 ,23909954 ,24660575 ,24779317 ,25614013 ,26497619 ,27405328 ,28303615 ,29170776 ,29997854 ,30999251 ,31587713 ,32402540 ,33262042 ,34173019 ,35123808 ,36138072 ,37208984 ,38337545 ,39490948 ,40774942 ,42082714 ,43436512 ,44828936 ,46257690 ,47779428 ,49252839 ,50855869 ,52420530 ,54104724 
203,Uganda,9446064 ,9720399 ,9988380 ,10256429 ,10533716 ,10827147 ,11139833 ,11470867 ,11818307 ,12178544 ,12549540 ,12930209 ,13323332 ,13735271 ,14174470 ,14646624 ,15154521 ,15695411 ,16262533 ,16846090 ,17438907 ,18040438 ,18652889 ,19275422 ,19907634 ,20550291 ,21202118 ,21865931 ,22551789 ,23272995 ,24039274 ,24854892 ,25718048 ,26624820 ,27568436 ,28543940 ,29550662 ,30590487 ,31663896 ,32771895 ,33915133 ,35093648 ,36306796 ,37553726 ,38833338 ,40144870 ,41487965 
204,Ukraine,47086761 ,47433805 ,47783011 ,48127172 ,48455122 ,48758987 ,49036456 ,49290905 ,49526883 ,49751257 ,49968812 ,50179030 ,50379379 ,50570032 ,50750925 ,50920778 ,51078790 ,51221145 ,51339575 ,51423532 ,51464348 ,51462610 ,51417432 ,51317636 ,51149537 ,50905677 ,50582456 ,50189314 ,49748581 ,49290792 ,48840074 ,48402885 ,47979592 ,47580559 ,47215966 ,46892163 ,46616389 ,46386355 ,46186430 ,45994024 ,45792501 ,45576307 ,45349333 ,45115785 ,44883426 ,44657704 ,44438625 
205,United Arab Emirates,235499 ,278808 ,332760 ,397174 ,471364 ,554324 ,646943 ,748117 ,852262 ,952040 ,1042384 ,1120900 ,1189545 ,1253060 ,1318478 ,1391052 ,1472218 ,1560718 ,1655849 ,1756043 ,1860174 ,1970026 ,2086639 ,2207405 ,2328686 ,2448820 ,2571020 ,2700010 ,2838145 ,2988162 ,3154925 ,3326032 ,3507232 ,3741932 ,4087931 ,4579562 ,5242032 ,6044067 ,6894278 ,7666393 ,8270684 ,8672475 ,8900453 ,9006263 ,9070867 ,9154302 ,9269612 
206,Great Britain,55634935 ,55809750 ,55953322 ,56066830 ,56152179 ,56211947 ,56247405 ,56262020 ,56263661 ,56262127 ,56265475 ,56276315 ,56296240 ,56330877 ,56386226 ,56466131 ,56574280 ,56709208 ,56862893 ,57023746 ,57183331 ,57339447 ,57494538 ,57650473 ,57810771 ,57978321 ,58156745 ,58346673 ,58544938 ,58746728 ,58950848 ,59149343 ,59348953 ,59580222 ,59884128 ,60286754 ,60802801 ,61414660 ,62076221 ,62722607 ,63306843 ,63811882 ,64250330 ,64641110 ,65015686 ,65397080 ,65788574 
207,United States,209588150 ,211461598 ,213351773 ,215268687 ,217218393 ,219205296 ,221239215 ,223324042 ,225449657 ,227599878 ,229763052 ,231938963 ,234132632 ,236344004 ,238573861 ,240824120 ,243098935 ,245402864 ,247739582 ,250113187 ,252529950 ,254974819 ,257454273 ,260020186 ,262741566 ,265658849 ,268803424 ,272136551 ,275542603 ,278862277 ,281982778 ,284852391 ,287506847 ,290027624 ,292539324 ,295129501 ,297827356 ,300595175 ,303374067 ,306076362 ,308641391 ,311051373 ,313335423 ,315536676 ,317718779 ,319929162 ,322179605 
208,Uruguay,2809803 ,2818270 ,2821439 ,2822081 ,2824069 ,2830172 ,2841429 ,2857105 ,2875966 ,2896023 ,2915778 ,2935036 ,2954282 ,2973463 ,2992645 ,3011908 ,3031038 ,3049966 ,3069099 ,3088984 ,3109989 ,3132050 ,3154855 ,3178155 ,3201607 ,3224804 ,3248035 ,3271010 ,3292138 ,3309318 ,3321245 ,3327103 ,3327773 ,3325637 ,3324096 ,3325612 ,3331043 ,3339741 ,3350824 ,3362755 ,3374415 ,3385624 ,3396777 ,3408005 ,3419546 ,3431552 ,3444006 
209,USSR (Former),242390700 ,244628728 ,246860676 ,249087392 ,251301615 ,253500182 ,255685506 ,257870106 ,260071665 ,262312031 ,264604970 ,266937017 ,269294843 ,271689067 ,274133823 ,276625041 ,279176882 ,281744501 ,284192543 ,286343331 ,288069696 ,,,,,,,,,,,,,,,,,,,,,,,,,,
210,Uzbekistan,12110028 ,12477058 ,12828625 ,13173590 ,13525094 ,13892638 ,14279120 ,14681459 ,15096012 ,15516862 ,15939744 ,16363562 ,16790069 ,17221212 ,17659975 ,18108300 ,18565477 ,19029877 ,19501225 ,19979127 ,20462463 ,20951391 ,21443453 ,21931690 ,22407158 ,22863264 ,23298911 ,23715490 ,24112410 ,24489769 ,24848920 ,25188527 ,25511876 ,25830659 ,26160326 ,26512184 ,26890263 ,27292375 ,27715825 ,28155306 ,28606294 ,29068224 ,29540819 ,30019734 ,30499618 ,30976021 ,31446795 
211,Vanuatu,85389 ,88022 ,90823 ,93765 ,96796 ,99872 ,103028 ,106222 ,109429 ,112580 ,115632 ,118580 ,121435 ,124249 ,127092 ,130027 ,133038 ,136125 ,139366 ,142849 ,146634 ,150778 ,155243 ,159814 ,164208 ,168235 ,171801 ,174999 ,178078 ,181345 ,185063 ,189290 ,193956 ,198964 ,204143 ,209370 ,214634 ,219953 ,225340 ,230785 ,236295 ,241871 ,247485 ,253142 ,258850 ,264603 ,270402 
212,Venezuela,11587761 ,11937805 ,12286439 ,12636969 ,12994025 ,13360987 ,13739142 ,14127787 ,14525931 ,14931739 ,15343916 ,15761799 ,16185894 ,16617346 ,17057785 ,17508059 ,17968552 ,18437794 ,18912526 ,19388342 ,19861956 ,20332079 ,20799075 ,21263443 ,21726352 ,22188667 ,22650102 ,23110178 ,23569454 ,24028689 ,24488340 ,24948476 ,25408700 ,25868523 ,26327225 ,26784161 ,27239168 ,27691965 ,28141701 ,28587323 ,29028033 ,29463291 ,29893080 ,30317848 ,30738378 ,31155134 ,31568179 
213,Vietnam,43407287 ,44485908 ,45549483 ,46604726 ,47661773 ,48729392 ,49808071 ,50899504 ,52015281 ,53169673 ,54372514 ,55627746 ,56931824 ,58277387 ,59653090 ,61049373 ,62459560 ,63881297 ,65313708 ,66757402 ,68209605 ,69670902 ,71130448 ,72560427 ,73925082 ,75198977 ,76372719 ,77453335 ,78452897 ,79391374 ,80285562 ,81139919 ,81956496 ,82747662 ,83527678 ,84308843 ,85094617 ,85889590 ,86707801 ,87565407 ,88472512 ,89436644 ,90451881 ,91497725 ,92544915 ,93571567 ,94569072 
214,Yemen,6193810 ,6300554 ,6407295 ,6523452 ,6661566 ,6830692 ,7034868 ,7271872 ,7536764 ,7821552 ,8120497 ,8434017 ,8764621 ,9111097 ,9472170 ,9847899 ,10232733 ,10628585 ,11051504 ,11523267 ,12057039 ,12661614 ,13325583 ,14017239 ,14692686 ,15320653 ,15889449 ,16408954 ,16896210 ,17378098 ,17874725 ,18390135 ,18919179 ,19462086 ,20017068 ,20582927 ,21160534 ,21751605 ,22356391 ,22974929 ,23606779 ,24252206 ,24909969 ,25576322 ,26246327 ,26916207 ,27584213 
215,Yemen Arab Republic (Former),4729481 ,4805922 ,4883985 ,4972018 ,5078968 ,5214619 ,5381043 ,5577094 ,5797662 ,6034078 ,6281577 ,6538521 ,6808846 ,7091080 ,7384894 ,7691211 ,8005454 ,8327854 ,8673010 ,9014177 ,9431725 ,,,,,,,,,,,,,,,,,,,,,,,,,,
216,Yemen Democratic (Former),1464329 ,1494632 ,1523310 ,1551434 ,1582598 ,1616073 ,1653825 ,1694778 ,1739102 ,1787474 ,1838920 ,1895496 ,1955775 ,2020017 ,2087276 ,2156688 ,2227279 ,2300731 ,2378494 ,2509090 ,2625314 ,,,,,,,,,,,,,,,,,,,,,,,,,,
217,Yugoslavia (Former),20213536 ,20375824 ,20544904 ,20720094 ,20899930 ,21083033 ,21268702 ,21456609 ,21646142 ,21836658 ,22027065 ,22215595 ,22400002 ,22577806 ,22746257 ,22902337 ,23046572 ,23176415 ,23282046 ,23350998 ,23375177 ,,,,,,,,,,,,,,,,,,,,,,,,,,
218,Zambia,4173928 ,4317748 ,4469895 ,4629402 ,4794754 ,4964831 ,5139030 ,5317631 ,5501445 ,5691749 ,5889230 ,6094206 ,6305709 ,6521542 ,6738765 ,6955212 ,7170656 ,7385686 ,7600072 ,7813808 ,8027253 ,8239732 ,8452275 ,8669168 ,8896109 ,9137077 ,9394304 ,9666578 ,9950224 ,10239714 ,10531221 ,10824125 ,11120409 ,11421984 ,11731746 ,12052156 ,12383446 ,12725974 ,13082517 ,13456417 ,13850033 ,14264756 ,14699937 ,15153210 ,15620974 ,16100587 ,16591390 
219,Zanzibar,,,,,,,,,,,,,,,,,,,,,680287 ,701000 ,722000 ,744000 ,767000 ,790000 ,814000 ,636000 ,864000 ,889000 ,916000 ,944000 ,982000 ,1011000 ,1041000 ,1073000 ,1144000 ,1148773 ,1187430 ,1227719 ,1269655 ,1313212 ,1303569 ,1383756 ,1379000 ,1459427 ,1467477 
220,Zimbabwe,5175618 ,5351195 ,5535874 ,5727044 ,5920943 ,6115370 ,6308300 ,6501893 ,6703182 ,6921790 ,7164172 ,7431940 ,7721536 ,8027565 ,8342195 ,8658857 ,8976205 ,9293283 ,9604302 ,9902540 ,10183113 ,10443043 ,10682868 ,10905756 ,11116948 ,11320346 ,11518262 ,11709997 ,11893272 ,12064537 ,12222251 ,12366165 ,12500525 ,12633897 ,12777511 ,12940032 ,13124267 ,13329909 ,13558469 ,13810599 ,14086317 ,14386649 ,14710826 ,15054506 ,15411675 ,15777451 ,16150362 
